Date,Open,High,Low,Close,Volume,Ex-Dividend,Split Ratio,Adj. Open,Adj. High,Adj. Low,Adj. Close,Adj. Volume
2015-11-02,14.99,15.17,13.86,14.49,40865891.0,0.0,1.0,14.594005465223,14.769250360736,13.493856954502,14.107214088798,40865891.0
2015-11-03,14.07,14.71,13.675,14.36,40205612.0,0.0,1.0,13.698309332601,14.321402294425,13.313744145225,13.980648330927,40205612.0
2015-11-04,14.39,14.51,13.61,13.66,31516491.0,0.0,1.0,14.009855813513,14.126685743855,13.250461266289,13.299140403932,31516491.0
2015-11-05,13.64,13.89,13.12,13.28,22189959.0,0.0,1.0,13.279668748875,13.523064437087,12.773405717393,12.929178957849,22189959.0
2015-11-06,13.18,14.48,13.15,14.4,30049669.0,0.0,1.0,12.831820682564,14.097478261269,12.802613199978,14.019591641041,30049669.0
2015-11-09,14.26,14.48,14.13,14.2,17528088.0,0.0,1.0,13.883290055642,14.097478261269,13.756724297772,13.824875090471,17528088.0
2015-11-10,14.13,14.44,14.01,14.41,14777765.0,0.0,1.0,13.756724297772,14.058534951155,13.63989436743,14.02932746857,14777765.0
2015-11-11,14.2,14.31,14.09,14.11,11009387.0,0.0,1.0,13.824875090471,13.931969193285,13.717780987658,13.737252642715,11009387.0
2015-11-12,13.81,13.82,13.59,13.7,20371666.0,0.0,1.0,13.445177816859,13.454913644388,13.230989611232,13.338083714046,20371666.0
2015-11-13,13.61,13.76,13.15,13.39,14924533.0,0.0,1.0,13.250461266289,13.396498679217,12.802613199978,13.036273060662,14924533.0
2015-11-16,13.37,13.61,13.14,13.38,13781375.0,0.0,1.0,13.016801405605,13.250461266289,12.79287737245,13.026537233134,13781375.0
2015-11-17,13.38,13.49,13.12,13.22,12420759.0,0.0,1.0,13.026537233134,13.133631335947,12.773405717393,12.870763992678,12420759.0
2015-11-18,13.48,13.73,13.1886,13.64,13020475.0,0.0,1.0,13.123895508419,13.367291196631,12.840193494238,13.279668748875,13020475.0
2015-11-19,13.53,13.89,13.52,13.78,13171491.0,0.0,1.0,13.172574646061,13.523064437087,13.162838818533,13.415970334274,13171491.0
2015-11-20,13.78,14.63,13.68,14.21,18558586.0,0.0,1.0,13.415970334274,14.243515674197,13.318612058989,13.834610918,18558586.0
2015-11-23,14.17,14.21,13.57,13.85,15317345.0,0.0,1.0,13.795667607886,13.834610918,13.211517956175,13.484121126973,15317345.0
2015-11-24,13.58,14.025,13.5,13.69,24108918.0,0.0,1.0,13.221253783704,13.654498108722,13.143367163476,13.328347886517,24108918.0
2015-11-25,13.91,14.86,13.84,14.12,22674894.0,0.0,1.0,13.542536092144,14.467439707352,13.474385299445,13.746988470243,22674894.0
2015-11-27,14.12,14.64,14.05,14.35,6041718.0,0.0,1.0,13.746988470243,14.253251501725,13.678837677544,13.970912503399,6041718.0
2015-11-30,14.23,15.0,14.18,14.86,29096030.0,0.0,1.0,13.854082573057,14.603741292751,13.805403435414,14.467439707352,29096030.0
2015-12-01,14.88,15.88,14.85,15.61,25106264.0,0.0,1.0,14.486911362409,15.460494115259,14.457703879824,15.19762677199,25106264.0
2015-12-02,15.37,15.54,14.87,14.95,12681067.0,0.0,1.0,14.963966911306,15.12947597929,14.477175534881,14.555062155109,12681067.0
2015-12-03,15.0,15.34,14.58,14.62,18905240.0,0.0,1.0,14.603741292751,14.93475942872,14.194836536554,14.233779846668,18905240.0
2015-12-04,14.39,15.295,14.24,15.22,12001085.0,0.0,1.0,14.009855813513,14.890948204842,13.863818400585,14.817929498378,12001085.0
2015-12-07,15.0,15.48,14.92,15.45,9545947.0,0.055,1.0,14.655728721301,15.124712040383,14.577564834788,15.09540058294,9545947.0
2015-12-08,15.09,15.29,14.62,15.17,11617601.0,0.0,1.0,14.743663093629,14.939072809913,14.284450260362,14.821826980143,11617601.0
2015-12-09,14.99,15.39,14.68,14.85,14261925.0,0.0,1.0,14.645958235487,15.036777668055,14.343073175247,14.509171434088,14261925.0
2015-12-10,14.79,14.81,14.53,14.72,11350207.0,0.0,1.0,14.450548519203,14.470089490832,14.196515888034,14.382155118504,11350207.0
2015-12-11,14.99,15.4,14.14,14.18,10614763.0,0.0,1.0,14.645958235487,15.046548153869,13.81546694128,13.854548884537,10614763.0
2015-12-14,14.3,14.5,13.92,14.44,11527694.0,0.0,1.0,13.971794714307,14.167204430591,13.600516253368,14.108581515706,11527694.0
2015-12-15,14.51,14.98,14.485,14.56,12888739.0,0.0,1.0,14.176974916405,14.636187749673,14.15254870187,14.225827345476,12888739.0
2015-12-16,14.62,14.81,14.55,14.7,7840968.0,0.0,1.0,14.284450260362,14.470089490832,14.216056859662,14.362614146875,7840968.0
2015-12-17,14.61,14.72,14.22,14.31,7625458.0,0.0,1.0,14.274679774547,14.382155118504,13.893630827794,13.981565200121,7625458.0
2015-12-18,14.27,14.385,14.0,14.16,19307237.0,0.0,1.0,13.942483256865,14.054843843728,13.678680139881,13.835007912908,19307237.0
2015-12-21,14.12,14.4,13.87,14.02,9863255.0,0.0,1.0,13.795925969652,14.069499572449,13.551663824297,13.69822111151,9863255.0
2015-12-22,14.04,14.14,13.9201,14.06,7292476.0,0.0,1.0,13.717762083138,13.81546694128,13.600613958226,13.737303054766,7292476.0
2015-12-23,14.19,14.97,14.05,14.91,11252128.0,0.0,1.0,13.864319370351,14.626417263859,13.727532568952,14.567794348974,11252128.0
2015-12-24,14.81,15.17,14.7901,15.02,2178459.0,0.0,1.0,14.470089490832,14.821826980143,14.450646224061,14.67526969293,2178459.0
2015-12-28,14.89,15.28,14.82,15.23,5930636.0,0.0,1.0,14.548253377345,14.929302324099,14.479859976646,14.880449895028,5930636.0
2015-12-29,15.29,15.4371,15.18,15.2,6275753.0,0.0,1.0,14.939072809913,15.08279665624,14.831597465957,14.851138437585,6275753.0
2015-12-30,15.29,15.48,15.15,15.28,6275778.0,0.0,1.0,14.939072809913,15.124712040383,14.802286008514,14.929302324099,6275778.0
2015-12-31,15.23,15.31,15.1,15.2,6767773.0,0.0,1.0,14.880449895028,14.958613781542,14.753433579443,14.851138437585,6767773.0
2016-01-04,14.97,15.15,14.74,15.13,15076835.0,0.0,1.0,14.626417263859,14.802286008514,14.401696090132,14.782745036886,15076835.0
2016-01-05,15.13,15.25,14.94,15.03,10285834.0,0.0,1.0,14.782745036886,14.899990866656,14.597105806416,14.685040178744,10285834.0
2016-01-06,14.62,15.0,14.51,14.8,11315099.0,0.0,1.0,14.284450260362,14.655728721301,14.176974916405,14.460319005017,11315099.0
2016-01-07,14.5,14.56,13.65,13.71,19844532.0,0.0,1.0,14.167204430591,14.225827345476,13.336713136384,13.395336051269,19844532.0
2016-01-08,13.77,14.02,13.31,13.54,16431854.0,0.0,1.0,13.453958966155,13.69822111151,13.004516618701,13.229237792428,16431854.0
2016-01-11,13.43,13.71,13.07,13.26,15110838.0,0.0,1.0,13.121762448472,13.395336051269,12.770024959161,12.95566418963,15110838.0
2016-01-12,13.35,13.42,13.09,13.26,12458350.0,0.0,1.0,13.043598561958,13.111991962658,12.789565930789,12.95566418963,12458350.0
2016-01-13,13.35,13.35,12.53,12.75,17720765.0,0.0,1.0,13.043598561958,13.043598561958,12.242418725194,12.457369413106,17720765.0
2016-01-14,12.75,13.17,12.65,13.0,13352501.0,0.0,1.0,12.457369413106,12.867729817303,12.359664554964,12.701631558461,13352501.0
2016-01-15,12.6,12.8,12.49,12.54,19729482.0,0.0,1.0,12.310812125893,12.506221842177,12.203336781937,12.252189211008,19729482.0
2016-01-19,12.68,12.78,12.2,12.32,12925129.0,0.0,1.0,12.388976012407,12.486680870549,11.919992693325,12.037238523095,12925129.0
2016-01-20,12.0,12.2,11.625,12.06,16640055.0,0.0,1.0,11.724582977041,11.919992693325,11.358189759009,11.783205891926,16640055.0
2016-01-21,12.0,12.54,11.82,12.41,16728144.0,0.0,1.0,11.724582977041,12.252189211008,11.548714232385,12.125172895423,16728144.0
2016-01-22,12.7,13.43,12.65,13.35,15269821.0,0.0,1.0,12.408516984035,13.121762448472,12.359664554964,13.043598561958,15269821.0
2016-01-25,13.29,13.55,13.12,13.34,11183427.0,0.0,1.0,12.984975647073,13.239008278242,12.818877388232,13.033828076144,11183427.0
2016-01-26,13.35,13.725,13.35,13.6,10726138.0,0.0,1.0,13.043598561958,13.409991779991,13.043598561958,13.287860707313,10726138.0
2016-01-27,13.53,13.61,12.955,13.39,18484506.0,0.0,1.0,13.219467306614,13.297631193127,12.657664372297,13.082680505215,18484506.0
2016-01-28,13.45,13.7,13.07,13.19,9874424.0,0.0,1.0,13.1413034201,13.385565565455,12.770024959161,12.887270788931,9874424.0
2016-01-29,13.41,13.88,13.35,13.76,11361905.0,0.0,1.0,13.102221476843,13.561434310111,13.043598561958,13.44418848034,11361905.0
2016-02-01,13.67,13.88,13.53,13.79,9549644.0,0.0,1.0,13.356254108013,13.561434310111,13.219467306614,13.473499937783,9549644.0
2016-02-02,13.7,13.97,13.36,13.45,9677516.0,0.0,1.0,13.385565565455,13.649368682439,13.053369047772,13.1413034201,9677516.0
2016-02-03,13.66,13.77,13.11,13.37,7553022.0,0.0,1.0,13.346483622198,13.453958966155,12.809106902417,13.063139533587,7553022.0
2016-02-04,13.31,13.89,13.31,13.85,6499149.0,0.0,1.0,13.004516618701,13.571204795925,13.004516618701,13.532122852668,6499149.0
2016-02-05,13.69,13.75,13.035,13.2,13227678.0,0.0,1.0,13.375795079641,13.434417994526,12.735828258811,12.897041274745,13227678.0
2016-02-08,13.0,13.05,12.37,12.51,14815851.0,0.0,1.0,12.701631558461,12.750483987532,12.086090952166,12.222877753565,14815851.0
2016-02-09,12.37,12.86,12.31,12.72,6686490.0,0.0,1.0,12.086090952166,12.564844757062,12.027468037281,12.428057955664,6686490.0
2016-02-10,12.77,13.07,12.71,12.86,5982701.0,0.0,1.0,12.476910384735,12.770024959161,12.418287469849,12.564844757062,5982701.0
2016-02-11,12.57,12.67,12.015,12.4,9834289.0,0.0,1.0,12.281500668451,12.379205526593,11.739238705762,12.115402409609,9834289.0
2016-02-12,12.5,12.79,12.18,12.29,10549410.0,0.0,1.0,12.213107267751,12.496451356363,11.900451721697,12.007927065653,10549410.0
2016-02-16,12.41,12.49,12.27,12.33,11976893.0,0.0,1.0,12.125172895423,12.203336781937,11.988386094024,12.04700900891,11976893.0
2016-02-17,12.39,13.135,12.37,13.02,8665514.0,0.0,1.0,12.105631923795,12.833533116953,12.086090952166,12.72117253009,8665514.0
2016-02-18,13.05,13.7,13.02,13.53,11734114.0,0.0,1.0,12.750483987532,13.385565565455,12.72117253009,13.219467306614,11734114.0
2016-02-19,13.51,13.74,13.25,13.67,9414376.0,0.0,1.0,13.199926334985,13.424647508712,12.945893703816,13.356254108013,9414376.0
2016-02-22,13.75,13.88,13.57,13.8,10755568.0,0.0,1.0,13.434417994526,13.561434310111,13.258549249871,13.483270423597,10755568.0
2016-02-23,13.72,13.82,12.84,13.09,14646955.0,0.0,1.0,13.405106537084,13.502811395226,12.545303785434,12.789565930789,14646955.0
2016-02-24,13.0,13.57,12.82,13.53,13226774.0,0.0,1.0,12.701631558461,13.258549249871,12.525762813806,13.219467306614,13226774.0
2016-02-25,13.45,13.71,13.24,13.68,12079898.0,0.0,1.0,13.1413034201,13.395336051269,12.936123218002,13.366024593827,12079898.0
2016-02-26,13.78,13.8,13.15,13.44,10824943.0,0.0,1.0,13.463729451969,13.483270423597,12.848188845674,13.131532934286,10824943.0
2016-02-29,13.31,13.48,13.2,13.27,12722496.0,0.0,1.0,13.004516618701,13.170614877543,12.897041274745,12.965434675445,12722496.0
2016-03-01,13.42,13.47,13.09,13.28,8354199.0,0.0,1.0,13.111991962658,13.160844391729,12.789565930789,12.975205161259,8354199.0
2016-03-02,13.38,14.05,13.35,13.9,10016491.0,0.0,1.0,13.072910019401,13.727532568952,13.043598561958,13.580975281739,10016491.0
2016-03-03,13.91,13.95,13.28,13.6,10011744.0,0.0,1.0,13.590745767553,13.62982771081,12.975205161259,13.287860707313,10011744.0
2016-03-04,14.9,15.84,14.82,15.44,33369625.0,0.0,1.0,14.558023863159,15.476449529694,14.479859976646,15.085630097126,33369625.0
2016-03-07,15.13,15.99,15.06,15.97,18478215.0,0.055,1.0,14.833656181346,15.67681178716,14.765027236687,15.657203517257,18478215.0
2016-03-08,15.75,15.79,15.205,15.23,12299677.0,0.0,1.0,15.441512548328,15.480729088133,14.907187193481,14.931697530859,12299677.0
2016-03-09,15.34,15.835,15.3,15.49,11068942.0,0.0,1.0,15.039543015324,15.524847695414,15.000326475519,15.186605039594,11068942.0
2016-03-10,15.55,16.21,15.52,15.9,14285129.0,0.0,1.0,15.245429849302,15.892502756089,15.216017444448,15.588574572598,14285129.0
2016-03-11,16.0,16.44,16.0,16.33,15683988.0,0.0,1.0,15.686615922111,16.117997859969,15.686615922111,16.010152375504,15683988.0
2016-03-14,16.2,16.57,16.04,16.41,9669016.0,0.0,1.0,15.882698621137,16.245451614336,15.725832461916,16.088585455115,9669016.0
2016-03-15,16.36,16.88,16.25,16.77,13934243.0,0.0,1.0,16.039564780358,16.549379797827,15.931719295894,16.441534313362,13934243.0
2016-03-16,16.71,17.23,16.6,17.19,12513970.0,0.0,1.0,16.382709503655,16.892524521123,16.27486401919,16.853307981318,12513970.0
2016-03-17,17.13,17.33,16.96,17.16,10868207.0,0.0,1.0,16.79448317161,16.990565870636,16.627812877438,16.823895576464,10868207.0
2016-03-18,17.17,17.58,17.08,17.33,30962871.0,0.0,1.0,16.833699711415,17.235669244419,16.745462496853,16.990565870636,30962871.0
2016-03-21,17.33,17.94,17.3,17.71,10729906.0,0.0,1.0,16.990565870636,17.588618102667,16.961153465782,17.363122998786,10729906.0
2016-03-22,17.41,18.08,17.34,17.51,11318505.0,0.0,1.0,17.068998950247,17.725875991985,17.000370005588,17.16704029976,11318505.0
2016-03-23,17.52,17.57,17.09,17.46,11433939.0,0.0,1.0,17.176844434711,17.225865109468,16.755266631805,17.118019625003,11433939.0
2016-03-24,17.41,17.64,17.11,17.57,8869974.0,0.0,1.0,17.068998950247,17.294494054127,16.774874901707,17.225865109468,8869974.0
2016-03-28,17.48,17.665,17.22,17.51,5529334.0,0.0,1.0,17.137627894906,17.319004391506,16.882720386172,17.16704029976,5529334.0
2016-03-29,17.37,17.68,17.22,17.65,5926601.0,0.0,1.0,17.029782410442,17.333710593933,16.882720386172,17.304298189079,5926601.0
2016-03-30,17.72,17.915,17.63,17.89,10552507.0,0.0,1.0,17.372927133738,17.564107765289,17.284689919176,17.53959742791,10552507.0
2016-03-31,17.84,17.96,17.5101,17.73,10389604.0,0.0,1.0,17.490576753154,17.608226372569,17.16713834111,17.382731268689,10389604.0
2016-04-01,17.61,18.545,17.56,18.4,14849934.0,0.0,1.0,17.265081649273,18.181768267222,17.216060974517,18.039608310427,14849934.0
2016-04-04,18.45,18.45,17.93,18.04,7666968.0,0.0,1.0,18.088628985184,18.088628985184,17.578813967715,17.68665945218,7666968.0
2016-04-05,17.87,17.91,17.56,17.61,8299991.0,0.0,1.0,17.519989158008,17.559205697813,17.216060974517,17.265081649273,8299991.0
2016-04-06,17.65,17.98,17.46,17.96,10391874.0,0.0,1.0,17.304298189079,17.627834642472,17.118019625003,17.608226372569,10391874.0
2016-04-07,17.79,18.04,17.625,17.74,9413442.0,0.0,1.0,17.441556078397,17.68665945218,17.2797878517,17.39253540364,9413442.0
2016-04-08,17.85,18.295,17.81,17.89,7279983.0,0.0,1.0,17.500380888105,17.936664893439,17.4611643483,17.53959742791,7279983.0
2016-04-11,17.95,18.06,17.66,17.73,5878459.0,0.0,1.0,17.598422237618,17.706267722083,17.31410232403,17.382731268689,5878459.0
2016-04-12,17.71,17.76,17.18,17.24,8787887.0,0.0,1.0,17.363122998786,17.412143673543,16.843503846367,16.902328656074,8787887.0
2016-04-13,17.29,17.51,17.15,17.5,8243231.0,0.0,1.0,16.951349330831,17.16704029976,16.814091441513,17.157236164809,8243231.0
2016-04-14,17.36,17.4,17.06,17.26,6615897.0,0.0,1.0,17.01997827549,17.059194815296,16.725854226951,16.921936925977,6615897.0
2016-04-15,17.41,17.48,16.85,17.4,11861987.0,0.0,1.0,17.068998950247,17.137627894906,16.519967392973,17.059194815296,11861987.0
2016-04-18,17.21,17.485,17.14,17.44,5661473.0,0.0,1.0,16.872916251221,17.142529962382,16.804287306561,17.098411355101,5661473.0
2016-04-19,17.46,17.48,17.15,17.24,6439694.0,0.0,1.0,17.118019625003,17.137627894906,16.814091441513,16.902328656074,6439694.0
2016-04-20,17.07,17.5,17.07,17.4,5440116.0,0.0,1.0,16.735658361902,17.157236164809,16.735658361902,17.059194815296,5440116.0
2016-04-21,17.34,17.74,17.32,17.46,5970372.0,0.0,1.0,17.000370005588,17.39253540364,16.980761735685,17.118019625003,5970372.0
2016-04-22,17.44,17.7,17.33,17.49,7958001.0,0.0,1.0,17.098411355101,17.353318863835,16.990565870636,17.147432029857,7958001.0
2016-04-25,17.36,17.41,16.82,17.21,5842139.0,0.0,1.0,17.01997827549,17.068998950247,16.490554988119,16.872916251221,5842139.0
2016-04-26,17.25,17.465,17.23,17.36,6285691.0,0.0,1.0,16.912132791026,17.122921692479,16.892524521123,17.01997827549,6285691.0
2016-04-27,17.3,17.52,17.25,17.31,6363648.0,0.0,1.0,16.961153465782,17.176844434711,16.912132791026,16.970957600734,6363648.0
2016-04-28,17.17,17.385,16.92,17.03,4786943.0,0.0,1.0,16.833699711415,17.044488612869,16.588596337632,16.696441822097,4786943.0
2016-04-29,16.89,16.91,16.51,16.66,7088882.0,0.0,1.0,16.559183932778,16.578792202681,16.186626804628,16.333688828898,7088882.0
2016-05-02,16.66,16.75,16.28,16.4,8461206.0,0.0,1.0,16.333688828898,16.42192604346,15.961131700748,16.078781320164,8461206.0
2016-05-03,16.23,16.25,15.78,15.93,11065714.0,0.0,1.0,15.912111025991,15.931719295894,15.470924953182,15.617986977452,11065714.0
2016-05-04,15.8,16.0,15.68,15.93,6637775.0,0.0,1.0,15.490533223084,15.686615922111,15.372883603669,15.617986977452,6637775.0
2016-05-05,15.95,15.97,15.64,15.72,3519240.0,0.0,1.0,15.637595247354,15.657203517257,15.333667063863,15.412100143474,3519240.0
2016-05-06,15.63,15.86,15.56,15.78,4983593.0,0.0,1.0,15.323862928912,15.549358032792,15.255233984253,15.470924953182,4983593.0
2016-05-09,15.71,15.96,15.67,15.86,4943325.0,0.0,1.0,15.402296008523,15.647399382306,15.363079468717,15.549358032792,4943325.0
2016-05-10,15.89,15.9,15.61,15.89,4761598.0,0.0,1.0,15.578770437646,15.588574572598,15.304254659009,15.578770437646,4761598.0
2016-05-11,15.89,16.355,15.88,16.02,6470157.0,0.0,1.0,15.578770437646,16.034662712883,15.568966302695,15.706224192014,6470157.0
2016-05-12,16.09,16.14,15.8535,15.9,5418380.0,0.0,1.0,15.774853136673,15.823873811429,15.542985345074,15.588574572598,5418380.0
2016-05-13,15.9,16.115,15.69,15.77,6788816.0,0.0,1.0,15.588574572598,15.799363474051,15.38268773862,15.461120818231,6788816.0
2016-05-16,15.76,16.095,15.71,15.96,8819406.0,0.0,1.0,15.451316683279,15.779755204148,15.402296008523,15.647399382306,8819406.0
2016-05-17,15.88,16.2,15.69,15.82,14592610.0,0.0,1.0,15.568966302695,15.882698621137,15.38268773862,15.510141492987,14592610.0
2016-05-18,15.79,15.93,15.515,15.67,6576502.0,0.0,1.0,15.480729088133,15.617986977452,15.211115376972,15.363079468717,6576502.0
2016-05-19,15.51,15.79,15.38,15.78,6684880.0,0.0,1.0,15.206213309496,15.480729088133,15.078759555129,15.470924953182,6684880.0
2016-05-20,15.76,15.99,15.66,15.87,8982944.0,0.0,1.0,15.451316683279,15.67681178716,15.353275333766,15.559162167744,8982944.0
2016-05-23,15.88,16.27,15.87,16.07,8649851.0,0.0,1.0,15.568966302695,15.951327565796,15.559162167744,15.75524486677,8649851.0
2016-05-24,16.1,16.34,15.99,16.25,12488390.0,0.0,1.0,15.784657271624,16.019956510456,15.67681178716,15.931719295894,12488390.0
2016-05-25,18.33,18.5,17.12,17.35,43848808.0,0.0,1.0,17.970979365768,18.137649659941,16.784679036659,17.010174140539,43848808.0
2016-05-26,17.0,17.69,16.84,17.39,21733075.0,0.0,1.0,16.667029417243,17.343514728884,16.510163258022,17.049390680344,21733075.0
2016-05-27,17.46,18.34,17.46,18.26,22957141.0,0.0,1.0,17.118019625003,17.98078350072,17.118019625003,17.902350421109,22957141.0
2016-05-31,18.0,18.47,17.76,18.47,24952212.0,0.0,1.0,17.647442912375,18.108237255087,17.412143673543,18.108237255087,24952212.0
2016-06-01,18.31,18.38,18.14,18.29,12288770.0,0.0,1.0,17.951371095866,18.020000040525,17.784700801693,17.931762825963,12288770.0
2016-06-02,18.14,18.53,18.1,18.5,13663287.0,0.0,1.0,17.784700801693,18.167062064795,17.745484261888,18.137649659941,13663287.0
2016-06-03,18.4,18.5,18.28,18.35,9285495.0,0.0,1.0,18.039608310427,18.137649659941,17.921958691012,17.990587635671,9285495.0
2016-06-06,18.28,18.97,18.28,18.9,12839226.0,0.055,1.0,17.974112539054,18.652566458745,17.974112539054,18.583737800226,12839226.0
2016-06-07,18.84,19.245,18.77,19.16,14286211.0,0.0,1.0,18.524741807209,18.922964760071,18.45591314869,18.839387103298,14286211.0
2016-06-08,19.27,19.62,19.2,19.35,15820732.0,0.0,1.0,18.947546423828,19.291689716425,18.878717765309,19.02620774785,15820732.0
2016-06-09,19.39,19.65,19.33,19.55,9375174.0,0.0,1.0,19.065538409861,19.321187712933,19.006542416845,19.222861057905,9375174.0
2016-06-10,19.31,19.33,18.9,19.12,9830680.0,0.0,1.0,18.986877085839,19.006542416845,18.583737800226,18.800056441287,9830680.0
2016-06-13,19.01,19.15,18.58,18.6,10146966.0,0.0,1.0,18.691897120756,18.829554437795,18.269092504137,18.288757835143,10146966.0
2016-06-14,18.47,18.64,18.215,18.31,14355452.0,0.0,1.0,18.160933183607,18.328088497154,17.910200213286,18.003610535563,14355452.0
2016-06-15,18.43,19.06,18.41,18.8,11967601.0,0.0,1.0,18.121602521596,18.74106044827,18.10193719059,18.485411145198,11967601.0
2016-06-16,18.68,18.83,18.575,18.66,12329670.0,0.0,1.0,18.367419159165,18.514909141706,18.264176171386,18.347753828159,12329670.0
2016-06-17,18.59,19.01,18.49,18.94,16641098.0,0.0,1.0,18.27892516964,18.691897120756,18.180598514612,18.623068462237,16641098.0
2016-06-20,19.22,19.61,19.16,19.38,15869472.0,0.0,1.0,18.898383096314,19.281857050922,18.839387103298,19.055705744358,15869472.0
2016-06-21,19.41,19.85,19.26,19.76,11557672.0,0.0,1.0,19.085203740867,19.517841022988,18.937713758325,19.429347033464,11557672.0
2016-06-22,19.66,19.76,19.19,19.21,10573261.0,0.0,1.0,19.331020378436,19.429347033464,18.868885099806,18.888550430811,10573261.0
2016-06-23,19.37,19.69,19.34,19.65,10184380.0,0.0,1.0,19.045873078856,19.360518374944,19.016375082347,19.321187712933,10184380.0
2016-06-24,18.61,19.08,18.11,18.16,25420729.0,0.0,1.0,18.298590500646,18.760725779275,17.806957225507,17.856120553021,25420729.0
2016-06-27,18.0,18.01,16.965,17.2,18517647.0,0.0,1.0,17.698797904977,17.70863057048,16.681117025441,16.912184664756,18517647.0
2016-06-28,17.5,17.58,17.105,17.4,12854721.0,0.0,1.0,17.207164629839,17.285825953861,16.818774342479,17.108837974811,12854721.0
2016-06-29,17.74,17.91,17.605,17.78,8259949.0,0.0,1.0,17.443148601905,17.610303915452,17.310407617618,17.482479263916,8259949.0
2016-06-30,17.92,18.5,17.88,18.27,12492682.0,0.0,1.0,17.620136580955,18.190431180115,17.580805918944,17.964279873552,12492682.0
2016-07-01,18.47,18.64,18.15,18.49,8928465.0,0.0,1.0,18.160933183607,18.328088497154,17.846287887518,18.180598514612,8928465.0
2016-07-05,18.39,18.43,17.94,18.2,6134837.0,0.0,1.0,18.082271859585,18.121602521596,17.63980191196,17.895451215032,6134837.0
2016-07-06,18.0,18.43,17.92,18.4,7264082.0,0.0,1.0,17.698797904977,18.121602521596,17.620136580955,18.092104525087,7264082.0
2016-07-07,18.34,18.71,18.34,18.47,6276990.0,0.0,1.0,18.033108532071,18.396917155673,18.033108532071,18.160933183607,6276990.0
2016-07-08,18.76,19.04,18.575,19.04,10898502.0,0.0,1.0,18.446080483187,18.721395117264,18.264176171386,18.721395117264,10898502.0
2016-07-11,19.15,19.465,19.14,19.34,10161080.0,0.0,1.0,18.829554437795,19.139283401132,18.819721772292,19.016375082347,10161080.0
2016-07-12,19.43,19.9,19.43,19.69,12951494.0,0.0,1.0,19.104869071872,19.567004350502,19.104869071872,19.360518374944,12951494.0
2016-07-13,19.69,19.76,19.3,19.5,6865346.0,0.0,1.0,19.360518374944,19.429347033464,18.977044420336,19.173697730392,6865346.0
2016-07-14,19.62,20.1664,19.62,19.99,14919726.0,0.0,1.0,19.291689716425,19.828946559496,19.291689716425,19.655498340027,14919726.0
2016-07-15,20.08,20.17,19.69,19.77,8745251.0,0.0,1.0,19.743992329552,19.832486319077,19.360518374944,19.439179698966,8745251.0
2016-07-18,19.72,19.98,19.65,19.79,5857580.0,0.0,1.0,19.390016371452,19.645665674524,19.321187712933,19.458845029972,5857580.0
2016-07-19,19.69,19.94,19.68,19.79,5534704.0,0.0,1.0,19.360518374944,19.606335012513,19.350685709441,19.458845029972,5534704.0
2016-07-20,19.8,20.08,19.725,20.06,5313971.0,0.0,1.0,19.468677695475,19.743992329552,19.394932704204,19.724326998546,5313971.0
2016-07-21,20.03,20.16,19.705,19.75,9097923.0,0.0,1.0,19.694829002038,19.822653653574,19.375267373198,19.419514367961,9097923.0
2016-07-22,19.82,20.05,19.74,20.05,8366480.0,0.0,1.0,19.48834302648,19.714494333044,19.409681702458,19.714494333044,8366480.0
2016-07-25,20.35,20.49,20.19,20.21,9714931.0,0.0,1.0,20.009474298127,20.147131615165,19.852151650082,19.871816981088,9714931.0
2016-07-26,20.19,20.46,20.145,20.45,7947430.0,0.0,1.0,19.852151650082,20.117633618657,19.80790465532,20.107800953154,7947430.0
2016-07-27,20.5,20.665,20.258,20.35,6553328.0,0.0,1.0,20.156964280668,20.319203261464,19.919013775501,20.009474298127,6553328.0
2016-07-28,20.3,20.43,20.15,20.31,4357541.0,0.0,1.0,19.960310970613,20.088135622149,19.812820988071,19.970143636116,4357541.0
2016-07-29,20.32,21.9,20.1,21.02,31459562.0,0.0,1.0,19.979976301618,21.533537451055,19.763657660558,20.668262886812,31459562.0
2016-08-01,21.14,21.59,20.63,21.08,13895483.0,0.0,1.0,20.786254872845,21.228724820469,20.284788932204,20.727258879828,13895483.0
2016-08-02,21.03,21.1,20.645,20.77,11025713.0,0.0,1.0,20.678095552315,20.746924210834,20.299537930458,20.422446249243,11025713.0
2016-08-03,20.77,21.52,20.68,21.51,13898025.0,0.0,1.0,20.422446249243,21.15989616195,20.333952259718,21.150063496447,13898025.0
2016-08-04,21.48,21.92,21.46,21.76,8920924.0,0.0,1.0,21.120565499939,21.553202782061,21.100900168934,21.395880134016,8920924.0
2016-08-05,21.84,22.2,21.77,21.91,9491096.0,0.0,1.0,21.474541458039,21.828517416138,21.405712799519,21.543370116558,9491096.0
2016-08-08,22.0,22.17,21.58,21.65,7776238.0,0.0,1.0,21.631864106083,21.79901941963,21.218892154967,21.287720813486,7776238.0
2016-08-09,21.73,21.86,21.62,21.7,8058617.0,0.0,1.0,21.366382137508,21.494206789044,21.258222816978,21.336884141,8058617.0
2016-08-10,21.73,21.75,21.43,21.55,5689398.0,0.0,1.0,21.366382137508,21.386047468514,21.071402172425,21.189394158458,5689398.0
2016-08-11,21.59,21.86,21.52,21.78,7576648.0,0.0,1.0,21.228724820469,21.494206789044,21.15989616195,21.415545465022,7576648.0
2016-08-12,21.68,21.96,21.495,21.89,10561285.0,0.0,1.0,21.317218809994,21.592533444072,21.135314498193,21.523704785552,10561285.0
2016-08-15,21.93,22.19,21.9,22.01,7158478.0,0.0,1.0,21.563035447563,21.818684750635,21.533537451055,21.641696771586,7158478.0
2016-08-16,21.9,22.17,21.8103,22.07,6101637.0,0.0,1.0,21.533537451055,21.79901941963,21.445338441495,21.700692764602,6101637.0
2016-08-17,22.06,22.19,21.48,21.64,9769586.0,0.0,1.0,21.690860099099,21.818684750635,21.120565499939,21.277888147983,9769586.0
2016-08-18,21.54,21.89,21.54,21.86,6718078.0,0.0,1.0,21.179561492956,21.523704785552,21.179561492956,21.494206789044,6718078.0
2016-08-19,21.78,21.96,21.74,21.88,6041332.0,0.0,1.0,21.415545465022,21.592533444072,21.376214803011,21.51387212005,6041332.0
2016-08-22,21.82,21.975,21.63,21.94,4439999.0,0.0,1.0,21.454876127033,21.607282442326,21.268055482481,21.572868113066,4439999.0
2016-08-23,22.03,22.07,21.875,21.93,7914489.0,0.0,1.0,21.661362102591,21.700692764602,21.508955787298,21.563035447563,7914489.0
2016-08-24,21.92,22.05,21.67,21.69,4513034.0,0.0,1.0,21.553202782061,21.681027433597,21.307386144492,21.327051475497,4513034.0
2016-08-25,21.63,21.935,21.45,21.84,7169385.0,0.0,1.0,21.268055482481,21.567951780315,21.091067503431,21.474541458039,7169385.0
2016-08-26,21.9,22.09,21.61,21.78,5290425.0,0.0,1.0,21.533537451055,21.720358095608,21.248390151475,21.415545465022,5290425.0
2016-08-29,21.76,22.13,21.73,21.84,5886444.0,0.0,1.0,21.395880134016,21.759688757619,21.366382137508,21.474541458039,5886444.0
2016-08-30,21.93,21.96,21.45,21.58,9164028.0,0.0,1.0,21.563035447563,21.592533444072,21.091067503431,21.218892154967,9164028.0
2016-08-31,21.54,21.68,21.16,21.48,9559777.0,0.0,1.0,21.179561492956,21.317218809994,20.805920203851,21.120565499939,9559777.0
2016-09-01,21.43,22.32,21.08,22.16,18914046.0,0.0,1.0,21.071402172425,21.946509402171,20.727258879828,21.789186754127,18914046.0
2016-09-02,22.17,22.3,21.94,22.21,6567478.0,0.0,1.0,21.79901941963,21.926844071166,21.572868113066,21.838350081641,6567478.0
2016-09-06,22.18,22.18,21.75,21.86,8535162.0,0.0,1.0,21.808852085133,21.808852085133,21.386047468514,21.494206789044,8535162.0
2016-09-07,22.01,22.32,21.51,22.09,20518200.0,0.0,1.0,21.641696771586,21.946509402171,21.150063496447,21.720358095608,20518200.0
2016-09-08,22.0,22.2,21.32,21.38,29248074.0,0.0,1.0,21.631864106083,21.828517416138,20.963242851895,21.022238844911,29248074.0
2016-09-09,21.15,21.47,20.92,20.92,15764988.0,0.0,1.0,20.796087538348,21.110732834436,20.569936231784,20.569936231784,15764988.0
2016-09-12,20.72,21.415,20.63,21.29,12750159.0,0.0,1.0,20.373282921729,21.056653174171,20.284788932204,20.933744855387,12750159.0
2016-09-13,21.1,21.37,21.05,21.16,12002458.0,0.0,1.0,20.746924210834,21.012406179409,20.69776088332,20.805920203851,12002458.0
2016-09-14,21.13,21.415,21.09,21.36,10976841.0,0.0,1.0,20.776422207342,21.056653174171,20.737091545331,21.002573513906,10976841.0
2016-09-15,21.32,22.14,21.29,22.13,12907651.0,0.0,1.0,20.963242851895,21.769521423122,20.933744855387,21.759688757619,12907651.0
2016-09-16,22.07,22.32,21.96,22.26,16346835.0,0.0,1.0,21.700692764602,21.946509402171,21.592533444072,21.887513409155,16346835.0
2016-09-19,22.37,23.0,22.36,22.68,12007924.0,0.0,1.0,21.995672729685,22.615130656359,21.985840064182,22.300485360271,12007924.0
2016-09-20,22.755,22.945,22.62,22.62,9668378.0,0.0,1.0,22.374230351542,22.561050996094,22.241489367254,22.241489367254,9668378.0
2016-09-21,22.6,23.12,22.57,23.12,10676569.0,0.0,1.0,22.221824036249,22.733122642393,22.19232603974,22.733122642393,10676569.0
2016-09-22,23.14,23.53,23.14,23.24,10239239.0,0.0,1.0,22.752787973398,23.136261928006,22.752787973398,22.851114628426,10239239.0
2016-09-23,23.13,23.265,22.91,22.98,7244354.0,0.0,1.0,22.742955307895,22.875696292183,22.526636666834,22.595465325354,7244354.0
2016-09-26,22.86,22.965,22.64,22.79,8107145.0,0.0,1.0,22.477473339321,22.5807163271,22.26115469826,22.408644680801,8107145.0
2016-09-27,22.69,23.025,22.561,22.92,13124750.0,0.0,1.0,22.310318025774,22.639712320116,22.183476640788,22.536469332337,13124750.0
2016-09-28,23.0,23.19,22.82,23.04,7072567.0,0.0,1.0,22.615130656359,22.801951300912,22.43814267731,22.65446131837,7072567.0
2016-09-29,22.96,23.31,22.875,22.9,9053453.0,0.0,1.0,22.575799994348,22.919943286945,22.492222337575,22.516804001332,9053453.0
2016-09-30,23.08,23.29,22.59,22.75,16209332.0,0.0,1.0,22.693791980381,22.90027795594,22.211991370746,22.36931401879,16209332.0
2016-10-03,22.59,22.835,22.55,22.65,11689886.0,0.0,1.0,22.211991370746,22.452891675564,22.172660708735,22.270987363763,11689886.0
2016-10-04,22.68,22.93,22.26,22.39,9134892.0,0.0,1.0,22.300485360271,22.54630199784,21.887513409155,22.015338060691,9134892.0
2016-10-05,22.46,22.87,22.46,22.8,7272265.0,0.0,1.0,22.08416671921,22.487306004823,22.08416671921,22.418477346304,7272265.0
2016-10-06,22.74,22.85,22.63,22.68,6550214.0,0.0,1.0,22.359481353287,22.467640673818,22.251322032757,22.300485360271,6550214.0
2016-10-07,22.67,22.7,22.17,22.34,9363568.0,0.055,1.0,22.345531204088,22.375101823238,21.852687551594,22.020254393442,9363568.0
2016-10-10,22.48,22.69,22.44,22.5,9202424.0,0.0,1.0,22.15825061614,22.365244950188,22.118823123941,22.17796436224,9202424.0
2016-10-11,22.5,22.5,21.895,21.98,10109745.0,0.0,1.0,22.17796436224,22.17796436224,21.581623542722,21.665406963646,10109745.0
2016-10-12,22.08,22.12,21.8,22.0,7762767.0,0.0,1.0,21.763975694145,21.803403186345,21.487983248748,21.685120709746,7762767.0
2016-10-13,21.78,21.95,21.46,21.76,13811557.0,0.0,1.0,21.468269502649,21.635836344497,21.152849565052,21.448555756549,13811557.0
2016-10-14,21.54,21.95,21.475,21.53,13561328.0,0.0,1.0,21.231704549451,21.635836344497,21.167634874627,21.221847676401,13561328.0
2016-10-17,21.5,21.69,21.21,21.27,11645797.0,0.0,1.0,21.192277057252,21.3795576452,20.906427738805,20.965568977104,11645797.0
2016-10-18,21.54,21.59,21.1,21.47,11685976.0,0.0,1.0,21.231704549451,21.280988914701,20.798002135256,21.162706438102,11685976.0
2016-10-19,21.61,21.97,21.55,21.73,17489613.0,0.0,1.0,21.3007026608,21.655550090596,21.241561422501,21.418985137399,17489613.0
2016-10-20,21.63,21.91,21.54,21.88,10591234.0,0.0,1.0,21.3204164069,21.596408852297,21.231704549451,21.566838233147,10591234.0
2016-10-21,21.7,21.73,21.45,21.63,11967316.0,0.0,1.0,21.389414518249,21.418985137399,21.142992692002,21.3204164069,11967316.0
2016-10-24,21.68,21.79,21.59,21.68,9044100.0,0.0,1.0,21.36970077215,21.478126375698,21.280988914701,21.36970077215,9044100.0
2016-10-25,21.65,21.7,21.39,21.6,9246243.0,0.0,1.0,21.340130153,21.389414518249,21.083851453703,21.290845787751,9246243.0
2016-10-26,21.53,21.81,21.47,21.8,7602475.0,0.0,1.0,21.221847676401,21.497840121798,21.162706438102,21.487983248748,7602475.0
2016-10-27,21.88,22.39,21.88,22.19,12645578.0,0.0,1.0,21.566838233147,22.069538758691,21.566838233147,21.872401297694,12645578.0
2016-10-28,22.2,22.49,22.0,22.17,7507153.0,0.0,1.0,21.882258170744,22.16810748919,21.685120709746,21.852687551594,7507153.0
2016-10-31,22.25,22.52,22.22,22.47,8140891.0,0.0,1.0,21.931542535993,22.19767810834,21.901971916843,22.148393743091,8140891.0
2016-11-01,22.42,22.56,21.77,22.08,7379247.0,0.0,1.0,22.099109377841,22.23710560054,21.458412629599,21.763975694145,7379247.0
2016-11-02,22.04,22.17,21.87,22.02,8328028.0,0.0,1.0,21.724548201946,21.852687551594,21.556981360097,21.704834455846,8328028.0
2016-11-03,22.07,22.18,21.76,21.8,6997671.0,0.0,1.0,21.754118821095,21.862544424644,21.448555756549,21.487983248748,6997671.0
2016-11-04,21.64,22.399,21.52,22.04,7716082.0,0.0,1.0,21.33027327995,22.078409944436,21.211990803352,21.724548201946,7716082.0
2016-11-07,22.38,23.19,22.37,23.11,10804732.0,0.0,1.0,22.059681885642,22.858088602682,22.049825012592,22.779233618283,10804732.0
2016-11-08,23.11,23.49,22.89,23.24,12794561.0,0.0,1.0,22.779233618283,23.153794794179,22.562382411186,22.907372967932,12794561.0
2016-11-09,22.44,23.55,22.36,23.23,15356547.0,0.0,1.0,22.118823123941,23.212936032478,22.039968139542,22.897516094882,15356547.0
2016-11-10,23.35,23.69,22.91,23.07,12990824.0,0.0,1.0,23.01579857148,23.350932255176,22.582096157285,22.739806126084,12990824.0
2016-11-11,23.02,23.38,22.92,23.31,9448817.0,0.0,1.0,22.690521760834,23.04536919063,22.591953030335,22.976371079281,9448817.0
2016-11-14,23.35,23.62,23.07,23.35,12373592.0,0.0,1.0,23.01579857148,23.281934143827,22.739806126084,23.01579857148,12373592.0
2016-11-15,23.47,23.53,23.14,23.41,14775395.0,0.0,1.0,23.134081048079,23.193222286378,22.808804237433,23.07493980978,14775395.0
2016-11-16,23.31,23.65,23.21,23.53,11548963.0,0.0,1.0,22.976371079281,23.311504762977,22.877802348782,23.193222286378,11548963.0
2016-11-17,23.47,23.67,23.26,23.6,10900544.0,0.0,1.0,23.134081048079,23.331218509077,22.927086714031,23.262220397728,10900544.0
2016-11-18,23.689,23.85,23.27,23.31,16593182.0,0.0,1.0,23.349946567871,23.508642223975,22.936943587081,22.976371079281,16593182.0
2016-11-21,23.42,23.55,22.81,23.12,23305434.0,0.0,1.0,23.08479668283,23.212936032478,22.483527426787,22.789090491333,23305434.0
2016-11-22,23.1,23.34,22.605,22.87,24165979.0,0.0,1.0,22.769376745233,23.005941698431,22.281461529264,22.542668665086,24165979.0
2016-11-23,22.7,23.63,22.47,23.55,21568380.0,0.0,1.0,22.375101823238,23.291791016877,22.148393743091,23.212936032478,21568380.0
2016-11-25,23.02,23.39,22.71,23.22,10647783.0,0.0,1.0,22.690521760834,23.05522606368,22.384958696288,22.887659221832,10647783.0
2016-11-28,22.97,23.39,22.88,23.34,21856006.0,0.0,1.0,22.641237395585,23.05522606368,22.552525538136,23.005941698431,21856006.0
2016-11-29,23.22,23.9,23.22,23.74,14084483.0,0.0,1.0,22.887659221832,23.557926589224,22.887659221832,23.400216620426,14084483.0
2016-11-30,23.79,23.895,23.63,23.8,14472344.0,0.0,1.0,23.449500985675,23.552998152699,23.291791016877,23.459357858725,14472344.0
2016-12-01,23.75,23.9,23.33,23.37,12190465.0,0.0,1.0,23.410073493476,23.557926589224,22.996084825381,23.03551231758,12190465.0
2016-12-02,23.36,23.9,23.34,23.85,7340248.0,0.0,1.0,23.02565544453,23.557926589224,23.005941698431,23.508642223975,7340248.0
2016-12-05,23.92,24.22,23.83,24.21,10272231.0,0.0,1.0,23.577640335324,23.87334652682,23.488928477875,23.86348965377,10272231.0
2016-12-06,24.16,24.18,23.89,23.96,9846405.0,0.0,1.0,23.814205288521,23.833919034621,23.548069716174,23.617067827523,9846405.0
2016-12-07,23.84,24.79,23.81,24.68,16290602.0,0.0,1.0,23.498785350925,24.435188290664,23.469214731775,24.326762687115,16290602.0
2016-12-08,24.65,24.79,24.51,24.64,7100188.0,0.0,1.0,24.297192067965,24.435188290664,24.159195845267,24.287335194916,7100188.0
2016-12-09,24.56,24.77,24.32,24.51,13314094.0,0.0,1.0,24.208480210516,24.415474544564,23.971915257319,24.159195845267,13314094.0
2016-12-12,24.09,24.22,23.7,23.9,12350596.0,0.065,1.0,23.809786192507,23.938274038295,23.424322655144,23.621996264048,12350596.0
2016-12-13,23.84,24.22,23.75,23.93,10863053.0,0.0,1.0,23.562694181377,23.938274038295,23.47374105737,23.651647305384,10863053.0
2016-12-14,23.74,24.38,23.73,23.92,9834236.0,0.0,1.0,23.463857376925,24.096412925418,23.45397369648,23.641763624939,9834236.0
2016-12-15,23.85,23.87,23.67,23.73,16103093.0,0.0,1.0,23.572577861822,23.592345222713,23.394671613809,23.45397369648,16103093.0
2016-12-16,23.63,23.785,23.38,23.49,20624216.0,0.0,1.0,23.355136892028,23.508333938928,23.108044880897,23.216765365795,20624216.0
2016-12-19,23.42,23.9,23.42,23.73,6799929.0,0.0,1.0,23.147579602678,23.621996264048,23.147579602678,23.45397369648,6799929.0
2016-12-20,23.77,23.98,23.65,23.84,9068099.0,0.0,1.0,23.493508418261,23.70106570761,23.374904252918,23.562694181377,9068099.0
2016-12-21,23.84,24.04,23.795,23.89,5421404.0,0.0,1.0,23.562694181377,23.760367790281,23.518217619374,23.612112583603,5421404.0
2016-12-22,23.91,23.99,23.52,23.76,6402347.0,0.0,1.0,23.631879944494,23.710949388055,23.24641640713,23.483624737815,6402347.0
2016-12-23,23.77,23.84,23.68,23.82,5898300.0,0.0,1.0,23.493508418261,23.562694181377,23.404555294254,23.542926820487,5898300.0
2016-12-27,23.81,23.9,23.62,23.74,3784973.0,0.0,1.0,23.533043140041,23.621996264048,23.345253211582,23.463857376925,3784973.0
2016-12-28,23.82,23.82,23.29,23.3,6595343.0,0.0,1.0,23.542926820487,23.542926820487,23.019091756891,23.028975437336,6595343.0
2016-12-29,23.28,23.47,23.18,23.34,5149336.0,0.0,1.0,23.009208076445,23.196998004904,22.910371271993,23.068510159117,5149336.0
2016-12-30,23.23,23.45,23.03,23.14,6313337.0,0.0,1.0,22.959789674219,23.177230644014,22.762116065315,22.870836550212,6313337.0
2017-01-03,23.19,23.47,22.98,23.2,8056583.0,0.0,1.0,22.920254952439,23.196998004904,22.712697663089,22.930138632884,8056583.0
2017-01-04,23.3,23.71,23.24,23.45,6956529.0,0.0,1.0,23.028975437336,23.434206335589,22.969673354665,23.177230644014,6956529.0
2017-01-05,23.45,23.58,23.33,23.56,11556223.0,0.0,1.0,23.177230644014,23.305718489802,23.058626478671,23.285951128911,11556223.0
2017-01-06,23.57,23.57,22.41,23.1,14541596.0,0.0,1.0,23.295834809356,23.295834809356,22.149327877712,22.831301828432,14541596.0
2017-01-09,23.14,23.1833,22.51,22.56,14292746.0,0.0,1.0,22.870836550212,22.91363288654,22.248164682164,22.29758308439,14292746.0
2017-01-10,22.69,23.01,22.51,22.95,13491465.0,0.0,1.0,22.426070930178,22.742348704425,22.248164682164,22.683046621753,13491465.0
2017-01-11,22.92,22.98,22.61,22.76,9276997.0,0.0,1.0,22.653395580418,22.712697663089,22.347001486616,22.495256693295,9276997.0
2017-01-12,22.73,22.84,22.425,22.75,8273242.0,0.0,1.0,22.465605651959,22.574326136856,22.16415339838,22.485373012849,8273242.0
2017-01-13,22.75,23.05,22.74,22.94,5757032.0,0.0,1.0,22.485373012849,22.781883426206,22.475489332404,22.673162941308,5757032.0
2017-01-17,22.83,22.99,22.635,22.69,5902467.0,0.0,1.0,22.564442456411,22.722581343534,22.371710687729,22.426070930178,5902467.0
2017-01-18,22.77,22.99,22.59,22.86,8449101.0,0.0,1.0,22.50514037374,22.722581343534,22.327234125726,22.594093497747,8449101.0
2017-01-19,22.79,22.88,22.68,22.77,5798493.0,0.0,1.0,22.52490773463,22.613860858637,22.416187249733,22.50514037374,5798493.0
2017-01-20,22.79,22.9,22.64,22.88,9054790.0,0.0,1.0,22.52490773463,22.633628219527,22.376652527952,22.613860858637,9054790.0
2017-01-23,22.82,22.93,22.39,22.57,9075315.0,0.0,1.0,22.554558775966,22.663279260863,22.129560516822,22.307466764836,9075315.0
2017-01-24,22.71,23.09,22.66,22.89,8221029.0,0.0,1.0,22.445838291068,22.821418147986,22.396419888842,22.623744539082,8221029.0
2017-01-25,23.02,23.14,22.835,22.98,7295879.0,0.0,1.0,22.75223238487,22.870836550212,22.569384296634,22.712697663089,7295879.0
2017-01-26,22.96,23.09,22.62,22.62,6134510.0,0.0,1.0,22.692930302199,22.821418147986,22.356885167062,22.356885167062,6134510.0
2017-01-27,22.73,22.8,22.48,22.55,6810009.0,0.0,1.0,22.465605651959,22.534791415075,22.218513640829,22.287699403945,6810009.0
2017-01-30,22.49,22.49,21.99,22.15,9345204.0,0.0,1.0,22.228397321274,22.228397321274,21.734213299013,21.892352186137,9345204.0
2017-01-31,22.14,22.69,21.84,22.68,12485377.0,0.0,1.0,21.882468505692,22.426070930178,21.585958092335,22.416187249733,12485377.0
2017-02-01,22.73,22.78,22.37,22.59,9739734.0,0.0,1.0,22.465605651959,22.515024054185,22.109793155931,22.327234125726,9739734.0
2017-02-02,22.26,22.735,22.26,22.69,8296898.0,0.0,1.0,22.001072671034,22.470547492182,22.001072671034,22.426070930178,8296898.0
2017-02-03,22.75,23.58,22.75,23.5,13433295.0,0.0,1.0,22.485373012849,23.305718489802,22.485373012849,23.22664904624,13433295.0
2017-02-06,23.35,23.66,23.31,23.54,5493289.0,0.0,1.0,23.078393839562,23.384787933363,23.038859117781,23.266183768021,5493289.0
2017-02-07,23.54,23.795,23.52,23.69,6505100.0,0.0,1.0,23.266183768021,23.518217619374,23.24641640713,23.414438974699,6505100.0
2017-02-08,23.62,23.88,23.55,23.63,6084922.0,0.0,1.0,23.345253211582,23.602228903158,23.276067448466,23.355136892028,6084922.0
2017-02-09,23.69,24.12,23.56,24.08,7010194.0,0.0,1.0,23.414438974699,23.839437233843,23.285951128911,23.799902512062,7010194.0
2017-02-10,24.08,24.26,23.98,23.99,8311147.0,0.0,1.0,23.799902512062,23.977808760076,23.70106570761,23.710949388055,8311147.0
2017-02-13,24.02,24.23,23.96,24.12,6467918.0,0.0,1.0,23.740600429391,23.94815771874,23.68129834672,23.839437233843,6467918.0
2017-02-14,24.08,24.15,23.96,24.14,9756502.0,0.0,1.0,23.799902512062,23.869088275179,23.68129834672,23.859204594733,9756502.0
2017-02-15,24.22,24.44,24.09,24.38,6836444.0,0.0,1.0,23.938274038295,24.15571500809,23.809786192507,24.096412925418,6836444.0
2017-02-16,24.37,24.48,24.21,24.33,6849111.0,0.0,1.0,24.086529244973,24.19524972987,23.92839035785,24.046994523192,6849111.0
2017-02-17,24.25,24.42,24.13,24.4,7583435.0,0.0,1.0,23.967925079631,24.135947647199,23.849320914288,24.116180286309,7583435.0
2017-02-21,24.4,24.7,24.36,24.66,9460196.0,0.0,1.0,24.116180286309,24.412690699665,24.076645564528,24.373155977884,9460196.0
2017-02-22,24.54,24.88,24.5,24.78,7642602.0,0.0,1.0,24.254551812542,24.590596947679,24.215017090761,24.491760143227,7642602.0
2017-02-23,24.83,24.86,24.5,24.66,13305792.0,0.0,1.0,24.541178545453,24.570829586788,24.215017090761,24.373155977884,13305792.0
2017-02-24,22.125,22.98,22.1,22.96,46877298.0,0.0,1.0,21.867642985024,22.712697663089,21.842933783911,22.692930302199,46877298.0
2017-02-27,22.76,22.76,22.27,22.31,19012400.0,0.0,1.0,22.495256693295,22.495256693295,22.010956351479,22.05049107326,19012400.0
2017-02-28,22.07,22.875,22.0,22.82,18360146.0,0.0,1.0,21.813282742575,22.608919018414,21.744096979459,22.554558775966,18360146.0
2017-03-01,23.01,23.3,22.93,23.18,13272324.0,0.0,1.0,22.742348704425,23.028975437336,22.663279260863,22.910371271993,13272324.0
2017-03-02,23.12,23.21,22.84,22.95,10778125.0,0.0,1.0,22.851069189322,22.940022313329,22.574326136856,22.683046621753,10778125.0
2017-03-03,22.91,23.27,22.88,23.05,11568060.0,0.0,1.0,22.643511899973,22.999324396,22.613860858637,22.781883426206,11568060.0
2017-03-06,22.85,23.13,22.83,23.07,15560509.0,0.0,1.0,22.584209817301,22.860952869767,22.564442456411,22.801650787096,15560509.0
2017-03-07,22.97,23.19,22.7,22.82,13896101.0,0.0,1.0,22.702813982644,22.920254952439,22.435954610623,22.554558775966,13896101.0
2017-03-08,22.8,22.85,22.57,22.62,12704973.0,0.0,1.0,22.534791415075,22.584209817301,22.307466764836,22.356885167062,12704973.0
2017-03-09,22.53,22.69,22.38,22.47,11029658.0,0.0,1.0,22.267932043055,22.426070930178,22.119676836377,22.208629960383,11029658.0
2017-03-10,22.53,22.69,22.2,22.37,11153683.0,0.0,1.0,22.267932043055,22.426070930178,21.941770588363,22.109793155931,11153683.0
2017-03-13,22.19,22.43,22.17,22.32,10088381.0,0.065,1.0,21.995756650257,22.233655775812,21.975931723127,22.124618676599,10088381.0
2017-03-14,22.24,22.33,22.02,22.23,10088371.0,0.0,1.0,22.045318968081,22.134531140164,21.827244769656,22.035406504516,10088371.0
2017-03-15,22.23,22.85,22.11,22.69,14013911.0,0.0,1.0,22.035406504516,22.649979245533,21.916456941739,22.491379828496,14013911.0
2017-03-16,22.7,22.86,22.5,22.64,10297833.0,0.0,1.0,22.501292292061,22.659891709098,22.303043020765,22.441817510672,10297833.0
2017-03-17,22.65,22.99,22.51,22.85,12379737.0,0.0,1.0,22.451729974237,22.78875373544,22.31295548433,22.649979245533,12379737.0
2017-03-20,22.77,23.065,22.66,22.95,8572873.0,0.0,1.0,22.570679537015,22.863097212176,22.461642437802,22.749103881181,8572873.0
2017-03-21,22.95,23.08,22.2,22.25,16223977.0,0.0,1.0,22.749103881181,22.877965907523,22.005669113822,22.055231431646,16223977.0
2017-03-22,22.22,22.55,22.1,22.5,9092632.0,0.0,1.0,22.025494040951,22.352605338589,21.906544478174,22.303043020765,9092632.0
2017-03-23,22.45,22.96,22.38,22.8,9762148.0,0.0,1.0,22.253480702941,22.759016344745,22.184093457988,22.600416927709,9762148.0
2017-03-24,22.86,23.24,22.63,22.77,9174040.0,0.0,1.0,22.659891709098,23.036565324559,22.431905047108,22.570679537015,9174040.0
2017-03-27,22.55,22.85,22.38,22.72,6688789.0,0.0,1.0,22.352605338589,22.649979245533,22.184093457988,22.521117219191,6688789.0
2017-03-28,22.69,23.21,22.6301,23.01,8411514.0,0.0,1.0,22.491379828496,23.006827933865,22.432004171743,22.808578662569,8411514.0
2017-03-29,23.0,23.93,22.905,23.67,17229456.0,0.0,1.0,22.798666199005,23.72052531053,22.704497795139,23.462801257845,17229456.0
2017-03-30,23.6,23.82,23.52,23.62,8948331.0,0.0,1.0,23.393414012892,23.611488211317,23.314114304373,23.413238940021,8948331.0
2017-03-31,23.43,24.0,23.43,23.7,14225838.0,0.0,1.0,23.22490213229,23.789912555483,23.22490213229,23.492538648539,14225838.0
2017-04-03,18.0,18.06,17.31,17.57,32012436.0,0.0,1.0,17.842434416612,17.901909198001,17.158474430642,17.416198483327,32012436.0
2017-04-04,17.4,17.91,17.35,17.9,19049173.0,0.0,1.0,17.247686602725,17.753222244529,17.198124284901,17.743309780964,19049173.0
2017-04-05,17.98,18.1,17.78,17.9,19009037.0,0.0,1.0,17.822609489483,17.94155905226,17.624360218187,17.743309780964,19009037.0
2017-04-06,17.98,18.13,17.91,18.02,12394962.0,0.0,1.0,17.822609489483,17.971296442954,17.753222244529,17.862259343742,12394962.0
2017-04-07,17.95,18.45,17.91,18.28,28146637.0,0.0,1.0,17.792872098788,18.288495277028,17.753222244529,18.119983396426,28146637.0
2017-04-10,18.34,18.51,18.24,18.3,22041193.0,0.0,1.0,18.179458177815,18.347970058416,18.080333542167,18.139808323556,22041193.0
2017-04-11,18.26,18.35,18.09,18.18,11342890.0,0.0,1.0,18.100158469297,18.18937064138,17.931646588695,18.020858760778,11342890.0
2017-04-12,18.33,18.34,17.94,18.05,13722972.0,0.0,1.0,18.16954571425,18.179458177815,17.782959635224,17.891996734436,13722972.0
2017-04-13,18.01,18.16,17.94,17.99,16281369.0,0.0,1.0,17.852346880177,18.001033833649,17.782959635224,17.832521953047,16281369.0
2017-04-17,18.02,18.13,17.98,18.11,7940003.0,0.0,1.0,17.862259343742,17.971296442954,17.822609489483,17.951471515825,7940003.0
2017-04-18,18.08,18.2,17.9843,18.13,8009906.0,0.0,1.0,17.921734125131,18.040683687908,17.826871848816,17.971296442954,8009906.0
2017-04-19,18.15,18.29,18.09,18.16,7302954.0,0.0,1.0,17.991121370084,18.129895859991,17.931646588695,18.001033833649,7302954.0
2017-04-20,18.23,18.41,18.175,18.33,10243907.0,0.0,1.0,18.070421078602,18.248845422768,18.015902528996,18.16954571425,10243907.0
2017-04-21,18.3,18.315,18.02,18.14,12252832.0,0.0,1.0,18.139808323556,18.154677018903,17.862259343742,17.981208906519,12252832.0
2017-04-24,18.25,18.54,18.205,18.44,14046458.0,0.0,1.0,18.090246005732,18.377707449111,18.04563991969,18.278582813463,14046458.0
2017-04-25,18.49,18.59,18.42,18.535,6217376.0,0.0,1.0,18.328145131287,18.427269766935,18.258757886333,18.372751217328,6217376.0
2017-04-26,18.5,18.78,18.42,18.61,10882719.0,0.0,1.0,18.338057594851,18.615606574665,18.258757886333,18.447094694064,10882719.0
2017-04-27,18.6,18.66,18.43,18.63,13804259.0,0.0,1.0,18.437182230499,18.496657011888,18.268670349898,18.466919621194,13804259.0
2017-04-28,18.62,18.7,18.49,18.63,9272515.0,0.0,1.0,18.457007157629,18.536306866147,18.328145131287,18.466919621194,9272515.0
2017-05-01,18.69,18.83,18.64,18.73,8204858.0,0.0,1.0,18.526394402582,18.665168892489,18.476832084758,18.566044256842,8204858.0
2017-05-02,18.72,18.84,18.66,18.7,7748394.0,0.0,1.0,18.556131793277,18.675081356054,18.496657011888,18.536306866147,7748394.0
2017-05-03,18.66,18.77,18.57,18.67,10992661.0,0.0,1.0,18.496657011888,18.605694111101,18.407444839805,18.506569475453,10992661.0
2017-05-04,18.75,18.8,18.61,18.75,6535957.0,0.0,1.0,18.585869183971,18.635431501795,18.447094694064,18.585869183971,6535957.0
2017-05-05,18.84,18.85,18.67,18.83,12654728.0,0.0,1.0,18.675081356054,18.684993819619,18.506569475453,18.665168892489,12654728.0
2017-05-08,18.84,18.95,18.76,18.89,9048071.0,0.0,1.0,18.675081356054,18.784118455267,18.595781647536,18.724643673878,9048071.0
2017-05-09,18.87,18.97,18.635,18.78,16245822.0,0.0,1.0,18.704818746749,18.803943382396,18.471875852976,18.615606574665,16245822.0
2017-05-10,18.79,19.0,18.75,19.0,11297233.0,0.0,1.0,18.62551903823,18.833680773091,18.585869183971,18.833680773091,11297233.0
2017-05-11,18.92,19.055,18.805,18.86,12415980.0,0.0,1.0,18.754381064572,18.888199322697,18.640387733577,18.694906283184,12415980.0
2017-05-12,18.88,19.02,18.84,18.88,9556246.0,0.0,1.0,18.714731210313,18.85350570022,18.675081356054,18.714731210313,9556246.0
2017-05-15,18.9,19.13,18.87,18.99,10679245.0,0.0,1.0,18.734556137443,18.962542799433,18.704818746749,18.823768309526,10679245.0
2017-05-16,19.0,19.16,18.915,19.11,9391480.0,0.0,1.0,18.833680773091,18.992280190127,18.74942483279,18.942717872303,9391480.0
2017-05-17,18.93,19.025,18.72,18.8,12770089.0,0.0,1.0,18.764293528137,18.858461932003,18.556131793277,18.635431501795,12770089.0
2017-05-18,18.65,18.96,18.52,18.78,12428219.0,0.0,1.0,18.486744548323,18.794030918832,18.357882521981,18.615606574665,12428219.0
2017-05-19,18.84,19.0,18.47,18.53,20128881.0,0.0,1.0,18.675081356054,18.833680773091,18.308320204157,18.367794985546,20128881.0
2017-05-22,18.52,18.85,18.51,18.79,12605881.0,0.0,1.0,18.357882521981,18.684993819619,18.347970058416,18.62551903823,12605881.0
2017-05-23,18.87,18.9,18.75,18.86,13899901.0,0.0,1.0,18.704818746749,18.734556137443,18.585869183971,18.694906283184,13899901.0
2017-05-24,18.84,18.98,18.78,18.91,11762730.0,0.0,1.0,18.675081356054,18.813855845961,18.615606574665,18.744468601008,11762730.0
2017-05-25,18.97,19.0,18.81,18.84,15812371.0,0.0,1.0,18.803943382396,18.833680773091,18.64534396536,18.675081356054,15812371.0
2017-05-26,18.85,18.89,18.74,18.83,13431357.0,0.0,1.0,18.684993819619,18.724643673878,18.575956720406,18.665168892489,13431357.0
2017-05-30,18.78,18.93,18.69,18.85,17734265.0,0.0,1.0,18.615606574665,18.764293528137,18.526394402582,18.684993819619,17734265.0
2017-05-31,18.8,18.875,18.56,18.81,23343784.0,0.0,1.0,18.635431501795,18.709774978531,18.39753237624,18.64534396536,23343784.0
2017-06-01,18.35,18.37,17.47,17.52,38853589.0,0.0,1.0,18.18937064138,18.209195568509,17.317073847679,17.366636165503,38853589.0
2017-06-02,17.34,17.58,16.95,17.4,29914649.0,0.0,1.0,17.188211821336,17.426110946891,16.80162574231,17.247686602725,29914649.0
2017-06-05,17.34,17.35,17.13,17.16,15521459.0,0.0,1.0,17.188211821336,17.198124284901,16.980050086476,17.00978747717,15521459.0
2017-06-06,17.14,17.19,17.03,17.03,13801809.0,0.0,1.0,16.989962550041,17.039524867865,16.880925450828,16.880925450828,13801809.0
2017-06-07,17.03,17.24,17.01,17.04,14542052.0,0.0,1.0,16.880925450828,17.089087185689,16.861100523699,16.890837914393,14542052.0
2017-06-08,17.09,17.12,16.98,17.05,10657804.0,0.0,1.0,16.940400232217,16.970137622911,16.831363133004,16.900750377958,10657804.0
2017-06-09,17.04,17.32,16.805,16.99,10517977.0,0.0,1.0,16.890837914393,17.168386894207,16.657895020621,16.841275596569,10517977.0
2017-06-12,16.89,16.98,16.56,16.85,11555220.0,0.065,1.0,16.806734926052,16.896291240046,16.478361774744,16.766932119833,11555220.0
2017-06-13,16.82,16.97,16.8,16.88,12160915.0,0.0,1.0,16.737080015169,16.886340538491,16.717178612059,16.796784224498,12160915.0
2017-06-14,16.85,16.95,16.65,16.74,11392675.0,0.0,1.0,16.766932119833,16.866439135381,16.567918088737,16.65747440273,11392675.0
2017-06-15,16.7,16.76,16.47,16.52,17815515.0,0.0,1.0,16.617671596511,16.67737580584,16.388805460751,16.438558968525,17815515.0
2017-06-16,16.58,16.61,16.44,16.49,15005698.0,0.0,1.0,16.498263177854,16.528115282518,16.358953356086,16.40870686386,15005698.0
2017-06-19,16.51,16.77,16.51,16.72,11130370.0,0.0,1.0,16.42860826697,16.687326507395,16.42860826697,16.637572999621,11130370.0
2017-06-20,16.69,16.74,16.48,16.64,12896515.0,0.0,1.0,16.607720894956,16.65747440273,16.398756162306,16.557967387182,12896515.0
2017-06-21,16.7,16.79,16.54,16.57,9438654.0,0.0,1.0,16.617671596511,16.707227910504,16.458460371634,16.488312476299,9438654.0
2017-06-22,16.54,16.75,16.5,16.68,7940591.0,0.0,1.0,16.458460371634,16.667425104285,16.418657565415,16.597770193402,7940591.0
2017-06-23,16.75,17.0,16.66,16.85,17037793.0,0.0,1.0,16.667425104285,16.916192643155,16.577868790292,16.766932119833,17037793.0
2017-06-26,16.87,16.98,16.79,16.81,10787943.0,0.0,1.0,16.786833522943,16.896291240046,16.707227910504,16.727129313614,10787943.0
2017-06-27,16.74,16.79,16.5,16.5,9802863.0,0.0,1.0,16.65747440273,16.707227910504,16.418657565415,16.418657565415,9802863.0
2017-06-28,16.59,16.96,16.5,16.9,10117427.0,0.0,1.0,16.508213879408,16.876389836936,16.418657565415,16.816685627607,10117427.0
2017-06-29,16.75,16.8,16.37,16.65,12701327.0,0.0,1.0,16.667425104285,16.717178612059,16.289298445203,16.567918088737,12701327.0
2017-06-30,16.73,16.8,16.58,16.59,8735472.0,0.0,1.0,16.647523701176,16.717178612059,16.498263177854,16.508213879408,8735472.0
2017-07-03,16.67,16.89,16.67,16.67,4566581.0,0.0,1.0,16.587819491847,16.806734926052,16.587819491847,16.587819491847,4566581.0
2017-07-05,16.72,16.99,16.71,16.94,10798236.0,0.0,1.0,16.637572999621,16.9062419416,16.627622298066,16.856488433826,10798236.0
2017-07-06,16.85,16.92,16.42,16.48,14527149.0,0.0,1.0,16.766932119833,16.836587030717,16.339051952977,16.398756162306,14527149.0
2017-07-07,16.52,16.65,16.4,16.61,13006554.0,0.0,1.0,16.438558968525,16.567918088737,16.319150549867,16.528115282518,13006554.0
2017-07-10,16.61,16.835,16.6,16.74,10006068.0,0.0,1.0,16.528115282518,16.752006067501,16.518164580963,16.65747440273,10006068.0
2017-07-11,16.71,16.85,16.57,16.78,9111532.0,0.0,1.0,16.627622298066,16.766932119833,16.488312476299,16.69727720895,9111532.0
2017-07-12,16.75,16.85,16.575,16.79,10422490.0,0.0,1.0,16.667425104285,16.766932119833,16.493287827076,16.707227910504,10422490.0
2017-07-13,16.79,17.16,16.76,17.09,13654799.0,0.0,1.0,16.707227910504,17.075403868032,16.67737580584,17.005748957148,13654799.0
2017-07-14,17.1,17.23,17.02,17.19,5711515.0,0.0,1.0,17.015699658703,17.145058778915,16.936094046265,17.105255972696,5711515.0
2017-07-17,17.19,17.32,17.095,17.23,7731114.0,0.0,1.0,17.105255972696,17.234615092909,17.010724307926,17.145058778915,7731114.0
2017-07-18,17.2,17.25,17.05,17.15,10355779.0,0.0,1.0,17.115206674251,17.164960182025,16.965946150929,17.065453166477,10355779.0
2017-07-19,17.25,17.71,17.25,17.67,13106446.0,0.0,1.0,17.164960182025,17.622692453546,17.164960182025,17.582889647327,13106446.0
2017-07-20,17.67,17.93,17.65,17.9,13911283.0,0.0,1.0,17.582889647327,17.841607887751,17.562988244217,17.811755783087,13911283.0
2017-07-21,17.86,18.03,17.77,18.01,11785594.0,0.0,1.0,17.771952976868,17.941114903299,17.682396662874,17.92121350019,11785594.0
2017-07-24,17.98,18.1,17.79,17.84,10919480.0,0.0,1.0,17.891361395525,18.010769814183,17.702298065984,17.752051573758,10919480.0
2017-07-25,17.84,18.01,17.74,17.88,7517103.0,0.0,1.0,17.752051573758,17.92121350019,17.65254455821,17.791854379977,7517103.0
2017-07-26,17.9,17.96,17.55,17.61,7964872.0,0.0,1.0,17.811755783087,17.871459992416,17.463481228669,17.523185437998,7964872.0
2017-07-27,17.7,17.7,17.395,17.55,10207461.0,0.0,1.0,17.612741751991,17.612741751991,17.30924535457,17.463481228669,10207461.0
2017-07-28,17.5,17.55,17.29,17.51,8969223.0,0.0,1.0,17.413727720895,17.463481228669,17.204762988244,17.42367842245,8969223.0
2017-07-31,17.6,17.745,17.5,17.51,8721816.0,0.0,1.0,17.513234736443,17.657519908987,17.413727720895,17.42367842245,8721816.0
2017-08-01,17.55,17.6,17.445,17.55,7710533.0,0.0,1.0,17.463481228669,17.513234736443,17.358998862344,17.463481228669,7710533.0
2017-08-02,17.59,17.64,17.27,17.35,7966673.0,0.0,1.0,17.503284034888,17.553037542662,17.184861585135,17.264467197573,7966673.0
2017-08-03,17.34,17.36,17.16,17.29,6652706.0,0.0,1.0,17.254516496018,17.274417899128,17.075403868032,17.204762988244,6652706.0
2017-08-04,17.29,17.57,17.29,17.51,6302495.0,0.0,1.0,17.204762988244,17.483382631779,17.204762988244,17.42367842245,6302495.0
2017-08-07,17.49,17.645,17.45,17.63,4584377.0,0.0,1.0,17.40377701934,17.55801289344,17.363974213121,17.543086841107,4584377.0
2017-08-08,17.59,17.7,17.52,17.63,7892874.0,0.0,1.0,17.503284034888,17.612741751991,17.433629124005,17.543086841107,7892874.0
2017-08-09,17.55,17.7,17.44,17.64,6964043.0,0.0,1.0,17.463481228669,17.612741751991,17.354023511566,17.553037542662,6964043.0
2017-08-10,17.6,17.6,17.07,17.12,8824653.0,0.0,1.0,17.513234736443,17.513234736443,16.985847554039,17.035601061813,8824653.0
2017-08-11,17.2,17.37,17.155,17.3,5277950.0,0.0,1.0,17.115206674251,17.284368600683,17.070428517254,17.214713689799,5277950.0
2017-08-14,17.49,17.85,17.46,17.58,7945475.0,0.0,1.0,17.40377701934,17.762002275313,17.373924914676,17.493333333333,7945475.0
2017-08-15,17.56,17.84,17.53,17.75,8284151.0,0.0,1.0,17.473431930224,17.752051573758,17.443579825559,17.662495259765,8284151.0
2017-08-16,17.74,17.87,17.525,17.6,4870139.0,0.0,1.0,17.65254455821,17.781903678422,17.438604474782,17.513234736443,4870139.0
2017-08-17,17.52,17.68,17.3,17.3,9048054.0,0.0,1.0,17.433629124005,17.592840348881,17.214713689799,17.214713689799,9048054.0
2017-08-18,17.26,17.4,17.09,17.18,9537171.0,0.0,1.0,17.17491088358,17.314220705347,17.005748957148,17.095305271141,9537171.0
2017-08-21,17.2,17.35,17.08,17.31,6085342.0,0.0,1.0,17.115206674251,17.264467197573,16.995798255593,17.224664391354,6085342.0
2017-08-22,17.36,17.7,17.35,17.67,5433392.0,0.0,1.0,17.274417899128,17.612741751991,17.264467197573,17.582889647327,5433392.0
2017-08-23,17.55,17.75,17.53,17.71,7030629.0,0.0,1.0,17.463481228669,17.662495259765,17.443579825559,17.622692453546,7030629.0
2017-08-24,17.72,18.06,17.66,17.95,6602019.0,0.0,1.0,17.6326431551,17.970967007964,17.572938945772,17.861509290861,6602019.0
2017-08-25,17.99,18.14,17.805,17.95,9025199.0,0.0,1.0,17.90131209708,18.050572620402,17.717224118316,17.861509290861,9025199.0
2017-08-28,17.98,17.98,17.675,17.79,7467109.0,0.0,1.0,17.891361395525,17.891361395525,17.587864998104,17.702298065984,7467109.0
2017-08-29,17.65,17.945,17.58,17.92,5897102.0,0.0,1.0,17.562988244217,17.856533940083,17.493333333333,17.831657186196,5897102.0
2017-08-30,17.88,17.99,17.775,17.98,6273602.0,0.0,1.0,17.791854379977,17.90131209708,17.687372013652,17.891361395525,6273602.0
2017-08-31,17.98,18.135,17.95,18.06,11306288.0,0.0,1.0,17.891361395525,18.045597269625,17.861509290861,17.970967007964,11306288.0
2017-09-01,14.13,14.39,13.82,14.31,22143757.0,0.0,1.0,14.060341296928,14.319059537353,13.75186954873,14.239453924915,22143757.0
2017-09-05,14.2,14.4,13.83,14.04,26755931.0,0.0,1.0,14.129996207812,14.329010238908,13.761820250284,13.970784982935,26755931.0
2017-09-06,14.29,14.32,13.6,13.77,40545575.0,0.0,1.0,14.219552521805,14.249404626469,13.532954114524,13.702116040956,40545575.0
2017-09-07,13.73,13.77,13.25,13.25,26953597.0,0.0,1.0,13.662313234736,13.702116040956,13.184679560106,13.184679560106,26953597.0
2017-09-08,13.289,13.385,13.06,13.12,24049162.0,0.0,1.0,13.22348729617,13.319014031096,12.995616230565,13.055320439894,24049162.0
2017-09-11,13.3,13.47,13.24,13.35,16409500.0,0.0,1.0,13.23443306788,13.403594994312,13.174728858551,13.284186575654,16409500.0
2017-09-12,13.36,13.41,12.99,13.12,19344946.0,0.065,1.0,13.36,13.41,12.99,13.12,19344946.0
2017-09-13,13.08,13.25,12.97,13.23,24975047.0,0.0,1.0,13.08,13.25,12.97,13.23,24975047.0
2017-09-14,13.18,13.53,13.13,13.47,16055264.0,0.0,1.0,13.18,13.53,13.13,13.47,16055264.0
2017-09-15,13.37,13.56,13.32,13.52,15490584.0,0.0,1.0,13.37,13.56,13.32,13.52,15490584.0
2017-09-18,13.57,13.72,13.51,13.54,12513653.0,0.0,1.0,13.57,13.72,13.51,13.54,12513653.0
2017-09-19,13.56,13.64,13.47,13.49,10076295.0,0.0,1.0,13.56,13.64,13.47,13.49,10076295.0
2017-09-20,13.58,13.68,13.5,13.63,17287339.0,0.0,1.0,13.58,13.68,13.5,13.63,17287339.0
2017-09-21,13.6,13.9,13.51,13.79,22595359.0,0.0,1.0,13.6,13.9,13.51,13.79,22595359.0
2017-09-22,13.86,14.29,13.82,14.26,22664344.0,0.0,1.0,13.86,14.29,13.82,14.26,22664344.0
2017-09-25,14.19,14.72,14.17,14.7,29470699.0,0.0,1.0,14.19,14.72,14.17,14.7,29470699.0
2017-09-26,14.74,15.08,14.69,14.89,25645196.0,0.0,1.0,14.74,15.08,14.69,14.89,25645196.0
2017-09-27,14.89,15.12,14.82,14.85,21879668.0,0.0,1.0,14.89,15.12,14.82,14.85,21879668.0
2017-09-28,14.84,14.94,14.565,14.57,11473115.0,0.0,1.0,14.84,14.94,14.565,14.57,11473115.0
2017-09-29,14.6,14.75,14.54,14.71,6718499.0,0.0,1.0,14.6,14.75,14.54,14.71,6718499.0
2017-10-02,14.68,15.0,14.65,14.97,13708630.0,0.0,1.0,14.68,15.0,14.65,14.97,13708630.0
2017-10-03,14.97,14.9872,14.62,14.69,10197068.0,0.0,1.0,14.97,14.9872,14.62,14.69,10197068.0
2017-10-04,14.7,14.89,14.55,14.8,7636327.0,0.0,1.0,14.7,14.89,14.55,14.8,7636327.0
2017-10-05,14.84,14.96,14.76,14.83,7074433.0,0.0,1.0,14.84,14.96,14.76,14.83,7074433.0
2017-10-06,14.79,14.85,14.58,14.8,11824806.0,0.0,1.0,14.79,14.85,14.58,14.8,11824806.0
2017-10-09,14.84,14.97,14.77,14.8,6254594.0,0.0,1.0,14.84,14.97,14.77,14.8,6254594.0
2017-10-10,14.82,15.03,14.81,14.96,9310209.0,0.0,1.0,14.82,15.03,14.81,14.96,9310209.0
2017-10-11,14.94,15.04,14.85,14.94,9567667.0,0.0,1.0,14.94,15.04,14.85,14.94,9567667.0
2017-10-12,14.93,14.94,14.73,14.8,8238410.0,0.0,1.0,14.93,14.94,14.73,14.8,8238410.0
2017-10-13,14.65,15.06,14.64,14.89,9923117.0,0.0,1.0,14.65,15.06,14.64,14.89,9923117.0
2017-10-16,14.88,14.96,14.81,14.86,6312045.0,0.0,1.0,14.88,14.96,14.81,14.86,6312045.0
2017-10-17,14.84,14.89,14.545,14.61,12166209.0,0.0,1.0,14.84,14.89,14.545,14.61,12166209.0
2017-10-18,14.67,14.8,14.665,14.7,6827106.0,0.0,1.0,14.67,14.8,14.665,14.7,6827106.0
2017-10-19,14.5,14.53,13.8,13.86,22853079.0,0.0,1.0,14.5,14.53,13.8,13.86,22853079.0
2017-10-20,13.88,14.185,13.8,14.04,12456429.0,0.0,1.0,13.88,14.185,13.8,14.04,12456429.0
2017-10-23,14.09,14.325,14.06,14.25,8396436.0,0.0,1.0,14.09,14.325,14.06,14.25,8396436.0
2017-10-24,14.25,14.475,14.23,14.31,8198240.0,0.0,1.0,14.25,14.475,14.23,14.31,8198240.0
2017-10-25,14.28,14.29,13.88,14.08,14809232.0,0.0,1.0,14.28,14.29,13.88,14.08,14809232.0
2017-10-26,14.21,14.31,14.08,14.25,6967627.0,0.0,1.0,14.21,14.31,14.08,14.25,6967627.0
2017-10-27,14.27,14.34,14.18,14.28,7032655.0,0.0,1.0,14.27,14.34,14.18,14.28,7032655.0
2017-10-30,14.23,14.28,13.91,13.98,11939031.0,0.0,1.0,14.23,14.28,13.91,13.98,11939031.0
2017-10-31,14.02,14.055,13.875,13.92,10224747.0,0.0,1.0,14.02,14.055,13.875,13.92,10224747.0
2017-11-01,13.94,13.94,13.47,13.6,15483371.0,0.0,1.0,13.94,13.94,13.47,13.6,15483371.0
2017-11-02,13.57,13.66,13.485,13.63,17511229.0,0.0,1.0,13.57,13.66,13.485,13.63,17511229.0
2017-11-03,13.62,13.63,13.4,13.5,9542917.0,0.0,1.0,13.62,13.63,13.4,13.5,9542917.0
2017-11-06,13.46,13.63,13.24,13.63,9582548.0,0.0,1.0,13.46,13.63,13.24,13.63,9582548.0
2017-11-07,13.6,13.74,13.52,13.57,7359941.0,0.0,1.0,13.6,13.74,13.52,13.57,7359941.0
2017-11-09,13.48,13.75,13.47,13.72,6230916.0,0.0,1.0,13.48,13.75,13.47,13.72,6230916.0
2017-11-10,13.72,13.75,13.6,13.7,4517873.0,0.0,1.0,13.72,13.75,13.6,13.7,4517873.0
2017-11-13,13.67,13.695,13.47,13.48,14572608.0,0.0,1.0,13.67,13.695,13.47,13.48,14572608.0
2017-11-14,13.38,13.48,13.23,13.27,11346109.0,0.0,1.0,13.38,13.48,13.23,13.27,11346109.0
2017-11-15,13.2,13.32,13.1,13.16,11998585.0,0.0,1.0,13.2,13.32,13.1,13.16,11998585.0
2017-11-16,13.21,13.42,13.21,13.27,14818149.0,0.0,1.0,13.21,13.42,13.21,13.27,14818149.0
2017-11-17,13.3,13.69,13.25,13.68,12888760.0,0.0,1.0,13.3,13.69,13.25,13.68,12888760.0
2017-11-20,13.68,14.11,13.66,14.09,12385055.0,0.0,1.0,13.68,14.11,13.66,14.09,12385055.0
2017-11-21,14.1,14.31,14.08,14.12,12949614.0,0.0,1.0,14.1,14.31,14.08,14.12,12949614.0
2017-11-22,13.2,13.4,12.815,13.1,41909160.0,0.0,1.0,13.2,13.4,12.815,13.1,41909160.0
2017-11-24,13.21,13.39,13.15,13.32,8555548.0,0.0,1.0,13.21,13.39,13.15,13.32,8555548.0
2017-11-27,13.21,13.54,13.1503,13.47,13861143.0,0.0,1.0,13.21,13.54,13.1503,13.47,13861143.0
2017-11-28,13.47,13.95,13.405,13.88,16048543.0,0.0,1.0,13.47,13.95,13.405,13.88,16048543.0
2017-11-29,13.95,14.3001,13.79,13.97,12086082.0,0.0,1.0,13.95,14.3001,13.79,13.97,12086082.0
2017-11-30,13.99,14.17,13.92,13.95,14565772.0,0.0,1.0,13.99,14.17,13.92,13.95,14565772.0
2017-12-01,13.9,14.465,13.75,14.44,18543253.0,0.0,1.0,13.9,14.465,13.75,14.44,18543253.0
2017-12-04,14.44,14.52,14.19,14.23,11090156.0,0.0,1.0,14.44,14.52,14.19,14.23,11090156.0
2017-12-05,14.11,14.17,14.0,14.08,10892527.0,0.0,1.0,14.11,14.17,14.0,14.08,10892527.0
2017-12-06,14.02,14.23,13.99,14.16,7090702.0,0.0,1.0,14.02,14.23,13.99,14.16,7090702.0
2017-12-07,14.2,14.27,14.125,14.22,6811120.0,0.0,1.0,14.2,14.27,14.125,14.22,6811120.0
2017-12-08,14.23,14.39,14.23,14.34,8081825.0,0.0,1.0,14.23,14.39,14.23,14.34,8081825.0
2017-12-11,14.25,14.59,14.23,14.58,11076937.0,0.0,1.0,14.25,14.59,14.23,14.58,11076937.0
2017-12-12,14.45,14.57,14.35,14.5,12008182.0,0.0,1.0,14.45,14.57,14.35,14.5,12008182.0
2017-12-13,14.46,14.55,14.32,14.32,8611838.0,0.0,1.0,14.46,14.55,14.32,14.32,8611838.0
2017-12-14,14.28,14.38,14.22,14.24,7594452.0,0.0,1.0,14.28,14.38,14.22,14.24,7594452.0
2017-12-15,14.3,14.48,14.255,14.41,19919007.0,0.0,1.0,14.3,14.48,14.255,14.41,19919007.0
2017-12-18,14.45,14.93,14.43,14.9,12355506.0,0.0,1.0,14.45,14.93,14.43,14.9,12355506.0
2017-12-19,14.86,14.9,14.74,14.8,9785489.0,0.0,1.0,14.86,14.9,14.74,14.8,9785489.0
2017-12-20,14.72,14.79,14.635,14.71,8602456.0,0.0,1.0,14.72,14.79,14.635,14.71,8602456.0
2017-12-21,14.68,14.85,14.665,14.72,7816096.0,0.0,1.0,14.68,14.85,14.665,14.72,7816096.0
2017-12-22,14.725,14.82,14.68,14.71,4166746.0,0.0,1.0,14.725,14.82,14.68,14.71,4166746.0
2017-12-26,14.69,14.785,14.67,14.74,2880017.0,0.0,1.0,14.69,14.785,14.67,14.74,2880017.0
2017-12-27,14.72,14.75,14.61,14.67,3199673.0,0.0,1.0,14.72,14.75,14.61,14.67,3199673.0
2017-12-28,14.69,14.7,14.555,14.61,3686377.0,0.0,1.0,14.69,14.7,14.555,14.61,3686377.0
2017-12-29,14.67,14.67,14.36,14.36,7076743.0,0.0,1.0,14.67,14.67,14.36,14.36,7076743.0
