,DEV_MAE,DEV_MSE,TEST1_MAE,TEST1_MSE,TEST2_MAE,TEST2_MSE,TRAIN_MAE,TRAIN_MSE
0,0.43562892,0.295055198,0.50376502,0.394705063,0.546081399,0.45608403,0.411516558,0.257294675
1,0.42372981,0.281450167,0.452368717,0.324013706,0.49026898,0.366134053,0.381499567,0.227337625
2,0.398340979,0.241777868,0.408802939,0.260857185,0.445828821,0.30064542,0.35760360700000005,0.196487383
3,0.397266218,0.241398608,0.405324953,0.258797647,0.443322408,0.298576554,0.35268205700000005,0.192802792
4,0.3957014,0.23972245,0.404589259,0.25849778,0.442033238,0.296983954,0.351292349,0.19115920100000008
5,0.402211565,0.254187541,0.414430268,0.278185015,0.452982777,0.318638588,0.345608666,0.192466796
6,0.393605022,0.23717828,0.401566585,0.254642211,0.438639974,0.292529734,0.348702856,0.188570352
7,0.397535699,0.246766239,0.407000038,0.266522743,0.444836672,0.306024497,0.343712356,0.188293703
8,0.394840916,0.242626692,0.405432731,0.263487791,0.443675101,0.303341521,0.34342332,0.186761685
9,0.391924252,0.237168342,0.399032154,0.252929946,0.434957783,0.290055891,0.34362691,0.184403886
10,0.398674606,0.25145818,0.408751067,0.27156005,0.447040436,0.312223091,0.33895848700000003,0.186811195
11,0.39313732,0.24215529,0.402033564,0.260024262,0.438556578,0.298281416,0.338997525,0.182898599
12,0.400233729,0.2553848,0.410530311,0.275504917,0.448301096,0.316176201,0.336845215,0.185971303
13,0.390117731,0.237419775,0.39809846,0.25372622,0.43509152,0.292819874,0.337989599,0.180594393
14,0.401153497,0.257774364,0.411612939,0.277993033,0.449846438,0.319764349,0.3353743,0.185768979
15,0.38639323,0.230355709,0.393455689,0.245198601,0.429150264,0.282669945,0.339465219,0.179024385
16,0.389683378,0.237720224,0.397801166,0.254007517,0.435068036,0.29408980100000004,0.335511842,0.178885044
17,0.384780581,0.228095318,0.390458338,0.240748799,0.426207779,0.278423219,0.338208735,0.17758862
18,0.383538984,0.225620462,0.389715505,0.238729104,0.426290816,0.277379931,0.339146495,0.177543665
19,0.388967734,0.237848062,0.396686206,0.253385791,0.433936827,0.293700592,0.333182561,0.17732689399999998
20,0.387251774,0.235202762,0.395623419,0.251505807,0.433470567,0.292388408,0.333225964,0.176882182
21,0.390774671,0.240917533,0.397156672,0.254892074,0.434447714,0.295297504,0.331848578,0.17733458800000002
22,0.3913793,0.242408587,0.398709622,0.257800305,0.4368825670000001,0.299492249,0.330899454,0.177462669
23,0.387452099,0.23553256,0.39423056,0.249825261,0.432096271,0.290875149,0.331606519,0.17577225600000002
24,0.3874304,0.236221299,0.395842605,0.252795954,0.433785723,0.293835274,0.33073578600000003,0.175464675
25,0.393902576,0.247485291,0.400388537,0.261851228,0.438385289,0.303477651,0.328981641,0.177799073
26,0.387916903,0.237350525,0.394774214,0.25185847100000003,0.432419624,0.292607459,0.329251264,0.174656261
27,0.3897609520000001,0.241022887,0.394537392,0.252706653,0.430959736,0.2914544000000001,0.32826584,0.17465909100000002
28,0.377952377,0.218679906,0.382878263,0.229113377,0.418615021,0.267396687,0.3349279000000001,0.172267505
29,0.381511969,0.22682658,0.385984319,0.2370274510000001,0.421451157,0.274698287,0.329554313,0.17089683600000002
30,0.381513672,0.22633063,0.385632556,0.23609758600000005,0.422598596,0.276502686,0.328887692,0.17037263
31,0.375830158,0.214588209,0.380271016,0.223787085,0.414238699,0.26083845,0.33685691700000003,0.172124125
32,0.375460179,0.213817634,0.380588899,0.224124415,0.415380782,0.261951179,0.33608621200000005,0.17143086100000002
33,0.376734151,0.218557551,0.38159384,0.228544065,0.416770487,0.267095739,0.331110718,0.169276435
34,0.378546558,0.221783315,0.383797721,0.232896498,0.419311111,0.271090353,0.328412892,0.168319352
35,0.382399566,0.229042194,0.389249853,0.242645311,0.426445122,0.283115844,0.325821065,0.168486203
36,0.375468149,0.215189749,0.381571553,0.226594027,0.417003548,0.266017836,0.332940738,0.169269854
37,0.377505054,0.221706605,0.383186127,0.233056326,0.419454668,0.272062201,0.32651186600000004,0.166731203
38,0.380295835,0.22528534600000005,0.384541267,0.235064457,0.420496156,0.274292621,0.325072168,0.166597792
39,0.37662898,0.22007706,0.382136561,0.23096932,0.417700189,0.269530455,0.326385076,0.165789015
40,0.380286068,0.226193525,0.385399536,0.237038955,0.4215839770000001,0.2772976,0.32391263800000003,0.165941086
41,0.379783559,0.22534570000000004,0.385335685,0.236877542,0.420906921,0.275903954,0.323729432,0.165403322
42,0.37344708,0.2134063,0.375961176,0.219149419,0.40851113,0.255734504,0.330909635,0.167322372
43,0.377382508,0.220663391,0.380378144,0.228178718,0.414103811,0.264805724,0.324909642,0.164732063
44,0.376770351,0.222700518,0.383879144,0.235889581,0.420592978,0.276340591,0.322551765,0.164087064
45,0.373078339,0.21501946,0.377698493,0.224023892,0.411537213,0.260741486,0.325663633,0.163564501
46,0.372997579,0.213716849,0.380612359,0.227076171,0.416362895,0.266530257,0.328889683,0.16536973300000002
47,0.373440867,0.215375377,0.378094926,0.224534791,0.411882686,0.261936926,0.32479359,0.162761517
48,0.377069485,0.223741174,0.383048236,0.235535628,0.418494684,0.273270142,0.320657474,0.162562809
49,0.372068606,0.214074205,0.379079623,0.226408874,0.415240118,0.266518114,0.32485492,0.16266957599999998
50,0.380552789,0.227556406,0.38044422,0.231071775,0.416048273,0.271097828,0.319893948,0.164003336
51,0.371836534,0.214987222,0.378798022,0.2274272960000001,0.415033418,0.26671231,0.32182614,0.160935081
52,0.389626491,0.244784882,0.396167741,0.258735564,0.433582385,0.299624226,0.316765648,0.166328228
53,0.373707535,0.21773095,0.377827562,0.226230631,0.413055768,0.265569838,0.319614838,0.159973809
54,0.3805800170000001,0.229360307,0.382733124,0.236479768,0.419228813,0.27622618,0.317092015,0.162265267
55,0.372056285,0.213406522,0.374907795,0.219994231,0.4092523420000001,0.257908364,0.322305746,0.160811963
56,0.368234395,0.207722822,0.373312624,0.216619579,0.406952471,0.253828654,0.324809049,0.160652163
57,0.368557159,0.207496019,0.375225956,0.21873,0.410305703,0.257918032,0.326549448,0.161543523
58,0.374871148,0.221640842,0.3790119220000001,0.230625671,0.41467507,0.269839462,0.315922743,0.159013196
59,0.36929026,0.211199161,0.373397784,0.218972721,0.407241257,0.256553952,0.320444038,0.158847718
60,0.3742089320000001,0.221221809,0.38024428,0.232589426,0.4170225970000001,0.27349279,0.315230699,0.158251273
61,0.369337584,0.211336112,0.373048516,0.218562187,0.406795515,0.256047865,0.320134655,0.15850169
62,0.384678985,0.237003302,0.389673134,0.24850448,0.427681156,0.290949097,0.313786804,0.162293204
63,0.372210423,0.218234439,0.376810179,0.227886096,0.413847563,0.268340358,0.314353019,0.157620509
64,0.371779105,0.216361887,0.375564638,0.224319668,0.410642567,0.26313003100000004,0.316124956,0.157452146
65,0.3695873,0.21333485,0.374236366,0.222493147,0.4107181070000001,0.262402727,0.31631783,0.157026702
66,0.368626052,0.211148771,0.373220296,0.22006415,0.408297803,0.258126403,0.317357827,0.156713753
67,0.371723137,0.216659477,0.376567669,0.226602503,0.412333915,0.26571516100000003,0.314564483,0.156826301
68,0.370618935,0.216036707,0.376723526,0.227292639,0.412302939,0.266803711,0.31382352,0.155976404
69,0.364935197,0.201757259,0.369231288,0.208780867,0.399733202,0.242704147,0.327402466,0.160743691
70,0.366391027,0.207924621,0.371249993,0.21662143600000008,0.404926249,0.25366293300000003,0.317721245,0.155947798
71,0.370464237,0.214964658,0.374285724,0.222955289,0.409082108,0.260875787,0.313869361,0.155543215
72,0.376329583,0.225830699,0.382131389,0.23809182,0.418463138,0.277236596,0.310969188,0.157438523
73,0.376856653,0.226810539,0.381431386,0.236832278,0.419087882,0.278501127,0.31000707,0.157176305
74,0.367891558,0.21190094,0.374254159,0.223123212,0.4089861420000001,0.26085317,0.314118883,0.154659575
75,0.370259348,0.216119978,0.377307927,0.228394928,0.413263639,0.268285808,0.313281145,0.155418825
76,0.363803765,0.204885045,0.368250063,0.21315096600000005,0.402059185,0.24934065,0.31662401,0.155188465
77,0.368847131,0.214619229,0.375348709,0.226267742,0.409913016,0.264212992,0.312265361,0.154837071
78,0.366320989,0.209477793,0.37049998,0.217930153,0.405529966,0.255737297,0.31216119600000003,0.15330573
79,0.372224236,0.220514378,0.376657966,0.229819454,0.41229959,0.269086253,0.308264699,0.154026285
80,0.362898703,0.19998922,0.367012726,0.206971847,0.397913107,0.241356861,0.322130095,0.156575123
81,0.374491731,0.224784152,0.38129901,0.237763368,0.416390309,0.27553138,0.307504956,0.154650259
82,0.369358613,0.21568581,0.373680149,0.224736231,0.408175605,0.261762211,0.308816757,0.153129714
83,0.371315523,0.219409316,0.377299948,0.231208842,0.412319757,0.268890868,0.307489677,0.153265593
84,0.371865253,0.219664036,0.377229939,0.230252789,0.412707134,0.268966751,0.30799623600000003,0.153284472
85,0.3646008570000001,0.208185004,0.3676267070000001,0.214765083,0.4005318470000001,0.250635801,0.310196705,0.151999266
86,0.362232124,0.20197301,0.366937768,0.210851945,0.399931154,0.246553316,0.314310031,0.15228029
87,0.3636381520000001,0.206608118,0.36892047,0.215576079,0.400960917,0.250330169,0.310900812,0.15123426
88,0.370618637,0.218393638,0.375103943,0.227924653,0.409094401,0.264190914,0.306328743,0.151824864
89,0.361734656,0.201622267,0.364637609,0.207529429,0.397105425,0.24314338,0.31268394,0.151793237
90,0.3632712034168393,0.20525326149629,0.37053376418418804,0.21744355606659413,0.4043379556530008,0.2538969989249637,0.31153497898765325,0.1512071511074734
91,0.3700486376336223,0.21833829861786008,0.3725622172504997,0.2254976452677042,0.407063233705175,0.2625121208762696,0.3043788466573561,0.1514299865751725
92,0.3644375522011345,0.20837789313771848,0.36864801856602064,0.21684151449779526,0.4023259111570832,0.25369117759164816,0.3073029584047245,0.1503414671686405
93,0.36432027544777934,0.20734800084285288,0.3674427089563152,0.2140953136989201,0.40016504640920586,0.2495183154731256,0.30851637600839005,0.15039665741021735
94,0.3650578995548372,0.20957723423231905,0.3686853798102479,0.21737002011806905,0.40220256018691947,0.2527907074713867,0.30622578016756896,0.14989229194416562
95,0.3646987185486211,0.21053813962781728,0.3708847765357169,0.22180914297306564,0.4040613025445533,0.257338880909636,0.30466883148896345,0.14937069129623826
96,0.3607918105730808,0.202116095768392,0.3680851482256947,0.21417678287471967,0.4010885157819829,0.2503560535091682,0.3104688505553026,0.15027022001420626
97,0.3652472793205206,0.2102256332073169,0.36883706635063396,0.2184675973619124,0.4021864562162617,0.2540545639490388,0.3051247624545556,0.14999056446832298
98,0.3708684528199351,0.2193302469689574,0.3745739759609471,0.2285049513922441,0.4075284228175545,0.2629607518044628,0.30542936047078245,0.15330143285397715
99,0.3600862700040442,0.20005882048433526,0.3651349966968733,0.2087234868064556,0.39539349150444303,0.2417847511704336,0.3114618294980435,0.15016849135672486
100,0.3583005874258293,0.19787127456595704,0.3636441367275229,0.2064168898179227,0.3932027282330814,0.2383715689742325,0.3111813296741021,0.14950986077801492
101,0.35808546449274026,0.19879145483122576,0.3633751182257463,0.2076459538840608,0.3938834004604843,0.2400133759730081,0.30874032511860466,0.1485295823179102
102,0.3702090862717404,0.21932927760381826,0.3751540795994017,0.2303028271496963,0.40966798050771625,0.2670169656767408,0.3024039741311831,0.15192618143451828
103,0.3572648897840406,0.1953754713177948,0.3627426451783319,0.2039490022141928,0.3913871332873701,0.2351996107336125,0.3138155004882173,0.15082813330091352
104,0.36141530025378704,0.20417520736501246,0.3651460450308968,0.21221736529102794,0.39775683545639584,0.2477121092318421,0.3052367865937935,0.14889042130265992
105,0.3747964144286425,0.2278570398658981,0.3817376860761536,0.2414878975875692,0.41526510758047935,0.2765758984739615,0.30140191699007746,0.15305437959687287
106,0.36298403763584375,0.20775074001019966,0.3679364658714141,0.2173192823935942,0.4003871728280513,0.2519641127581031,0.3033467674242037,0.14772043750216762
107,0.3660046057223739,0.2131914060386502,0.3714137749095891,0.22423020871480304,0.405666159590352,0.26048091582270544,0.3015765472122487,0.1491346314568114
108,0.3566961666422936,0.19463556274471666,0.3629545226801162,0.2047268027560556,0.3921417891723197,0.2363440583346941,0.3124743257390306,0.14930909666065667
109,0.3581061284560752,0.1992040119070468,0.3624246225367723,0.20735961195446487,0.3931459110689911,0.2405226192946402,0.30637939116672114,0.14714942739953932
110,0.3613798086672553,0.20737394147684649,0.3677648739142706,0.2198541889489364,0.39903343152466497,0.2519196782106788,0.3003739398952565,0.14747047638846458
111,0.3655603216403816,0.21492824979183128,0.37268179160849896,0.22862054663963235,0.4047932169773433,0.26202185646426224,0.2995431908571747,0.14983844574665864
112,0.3610047119277169,0.2057214426964988,0.3681508184727406,0.21831192367562244,0.39937653183030336,0.2511208853929635,0.3013472326351225,0.14629444890120952
113,0.3645447658407075,0.21229549482591467,0.37134803568010094,0.2245744060888653,0.4026008968619959,0.2574294304575696,0.29984445555871503,0.14738695204311306
114,0.3564057169277929,0.1975985367526144,0.3614068092073103,0.20670227782944967,0.391276548825121,0.23791517897100256,0.3044367958515282,0.14583737490467846
115,0.3646956838636057,0.21224390865278991,0.3714098425359534,0.22554379334759125,0.4032510913586457,0.257677059024239,0.2997942911613174,0.14845679989810492
116,0.3595825756628241,0.2039747601332814,0.3670038338123552,0.2169900051139345,0.3972382015797916,0.2482048362112152,0.3009522159179585,0.14582973057965035
117,0.3577559464537857,0.20086542629235546,0.3641073541993263,0.21262248163255268,0.3958838312791231,0.24591077429442865,0.30088128563141664,0.14584023060814644
118,0.35899101173264336,0.20309207116690792,0.3656487884532152,0.2147030224512088,0.3956369034086564,0.2459303321950388,0.3015058011549965,0.1452865235590828
119,0.3608366122083109,0.20627857821499745,0.3682239187089122,0.2196734501238104,0.3992932629595934,0.2518330308985657,0.2999633855299661,0.1459264153131436
120,0.3604356846934729,0.2066256338152576,0.3674509948553388,0.21943648130248325,0.3981164928282667,0.2507644379586981,0.2986640868738994,0.14569432704354027
121,0.3590560566597604,0.20204488481131166,0.36756192836292106,0.21632787570697348,0.3974748625525959,0.2472602515407324,0.3029132385757945,0.14614038794966086
122,0.3538243001696781,0.1915920334233667,0.3603391924827157,0.2019550386723256,0.3886938731115671,0.2324287442566297,0.3091294505078787,0.14679793836233065
123,0.3617150246326289,0.20815448589172936,0.3679187562065637,0.2202524430639792,0.3981015039514375,0.2506905332555707,0.2987842550648406,0.14609289264865635
124,0.35815315041979423,0.2039476594265542,0.3653869865180662,0.21605318577177574,0.3945192806006012,0.2468358301473677,0.298574126299329,0.14496546344335715
125,0.35383458915626176,0.19313701953057208,0.3610217034822076,0.20512323875608604,0.389734873645791,0.2346296089138228,0.3051793128404041,0.14487481382842565
126,0.3559830263949081,0.19974394233241444,0.36430871826743655,0.21378911822327565,0.39390467303711296,0.2444785043897245,0.2993165287643471,0.1440405500615203
127,0.3559712716863726,0.19946351972895715,0.3629181976499707,0.21137586935681246,0.3921842166294721,0.2420765469268931,0.300057230420294,0.1438141041792746
128,0.353746497348651,0.19356036541712632,0.3617806339733286,0.20628297516536925,0.3910475333995734,0.2366628147590347,0.30512849603963377,0.14510358190163136
129,0.3588990977922542,0.2044958334989196,0.3648620192860597,0.21569394717067147,0.39458760220945815,0.2461022342355459,0.29694210140923794,0.14405034708763395
130,0.35555621179611624,0.1987725654234422,0.3611166737949021,0.2087503794754378,0.39127239561934335,0.2403344928210213,0.29958511911702634,0.14340254658660634
131,0.3535750613820633,0.1914431733561709,0.3600863769011743,0.20147755701803247,0.388655815602949,0.2321258303241709,0.3082789255879336,0.14586363178078227
132,0.3515280558334901,0.1892483837547852,0.3553952898232462,0.19612375904943047,0.3828891718712962,0.2255760552333772,0.3074805935021215,0.14578186140657806
133,0.3530307791950452,0.19512892364788909,0.3592338917740773,0.20528171306808524,0.387907987943965,0.2355744012855577,0.3004140390941761,0.14323912370724967
134,0.35176344501545503,0.1931810072559105,0.3596189071508062,0.2056535295176026,0.3879677506687924,0.23473927970113906,0.3004084497052818,0.1425812520331451
135,0.3533451217826314,0.1946427612744055,0.3614745770770165,0.2073468236757872,0.3888350051478785,0.2357767874274478,0.3021738102206715,0.1435938001959116
136,0.3597514128012945,0.2060677192467171,0.3661091868413375,0.21855214082101315,0.3965971644452754,0.2491494116233766,0.29610646685871234,0.1446452282543817
137,0.3542850047739293,0.19862936999173766,0.3623649551777765,0.2119120702722196,0.3919828404974884,0.24262558392496986,0.2964444613347384,0.1420714695796337
138,0.3518833771528014,0.1905007825287129,0.3574591419339447,0.1995874791860047,0.38686071523457294,0.2308128005026171,0.304665333258759,0.1437894967153035
139,0.3523296978711015,0.19080019997537004,0.3598554988776811,0.20271976888846496,0.3881520180115497,0.2331546408338035,0.3065053790981071,0.14483977946339038
140,0.3557485100281585,0.19947042805429807,0.3619580522340949,0.21124202369790213,0.3921371063828735,0.24175990284795995,0.2973586874234863,0.1433860283235309
141,0.3526636522090942,0.1941520423612472,0.3594183204520736,0.20564044621433453,0.3891445300003025,0.2365192818828344,0.298815602495633,0.14180080737430245
142,0.3507269295880725,0.1877498985782299,0.35702750335070377,0.19780497668253494,0.3844831357519632,0.22707971297974555,0.3083227573651862,0.1455381444613939
143,0.35090558639815456,0.19074327254568704,0.35711657118317264,0.20079836631567952,0.3842414281234912,0.2293329795145615,0.3012009273031414,0.1420395799761917
144,0.3507686330872094,0.1926410022081278,0.3595489658498657,0.2063263178399745,0.3887756107082837,0.2368776577313741,0.2985519347854909,0.14173520372257936
145,0.3501314021738317,0.18893707519783004,0.3574379149518024,0.1999120122746333,0.383622703183684,0.2273306422549606,0.30428632382605164,0.1434601671338348
146,0.3499314909696046,0.19232338235008906,0.35859281116737346,0.20606432550972206,0.38692373795850704,0.2351092634331727,0.2957564280953183,0.14055592384801086
147,0.3553921959680199,0.20111855731727826,0.36391504686044107,0.215882085249728,0.3938546671344663,0.2461440957781986,0.2942397851039899,0.14199489893475906
148,0.3513844374724949,0.1943655032901556,0.3591737623524079,0.2072840105089832,0.3875204171771705,0.2361670042313719,0.2963484594205882,0.1413082236992966
149,0.3507428966016577,0.18847623839161007,0.3575997373785749,0.1985590384673219,0.38307230995432107,0.22577312056876936,0.30818973714073233,0.1455232641020877
150,0.35111854180793634,0.1918884236909265,0.3600783685944491,0.20542754837810592,0.3884788341266197,0.2359398252630661,0.2998668470961402,0.14183726231403798
151,0.34939891895271785,0.18678574736533016,0.3568316708581826,0.1975030441342851,0.3825020807120091,0.22492999742095104,0.3066919638411844,0.14385755087825275
152,0.34846227755215875,0.18925629257855808,0.3565014424366706,0.2015585257761697,0.3851850547283821,0.2314314618388012,0.2985177780240441,0.1405197600997001
153,0.3521965856253434,0.1966101249688424,0.36120960299494015,0.21143509304336786,0.3899710400728572,0.2407369924797041,0.29332135130228343,0.1404193103853488
154,0.3486750596278999,0.18700191870045074,0.3562861756371705,0.19842203657419089,0.3850647956663597,0.2289498108196045,0.30286994939895817,0.1419742823093796
155,0.35280405279800664,0.1964922081528094,0.3604967622735623,0.2095966110234826,0.389744650238579,0.23954731470093105,0.2946651105462038,0.14039951668556372
156,0.36357426347961896,0.21254729467483707,0.369275797140945,0.2240847590225655,0.4018255109168272,0.2581928271649935,0.2948031366930179,0.1463838870232004
157,0.3496351886678329,0.1927120352695452,0.3600073601543503,0.2086034920535632,0.3880736785409701,0.2376409534373273,0.2941512233736264,0.1391377001578109
158,0.3473954977855853,0.1875086153267614,0.356491596715829,0.20137547945229534,0.3847071477908149,0.2302850851265909,0.2978311681875446,0.1395408762689405
159,0.35160843942602743,0.19549836381336447,0.36102424405031824,0.21014536431118414,0.3887759756135194,0.2388337969750633,0.2938044627270176,0.13925697673007145
160,0.35106801537379323,0.1925271168067818,0.3593069838186772,0.2047458984414469,0.3870373598558524,0.2339709542781715,0.2969764100614544,0.13986812576671576
161,0.3487254111860156,0.18840481557708724,0.3578906182229385,0.20195251035530296,0.3858596394131381,0.2311648633309392,0.29924176246127826,0.14000266260108693
162,0.3493374651177084,0.1900759497991611,0.3569912989528921,0.20150664437910587,0.3846354184166697,0.23152256835387056,0.2988220707300792,0.14066061095169993
163,0.3474565498788885,0.18933526946154214,0.3559142001501933,0.20243482594202028,0.382362733814807,0.22895954386953274,0.2943251215126157,0.13875896820405986
164,0.35235232516956544,0.1979669407601458,0.3629067461378622,0.2144850946736816,0.3907410681471729,0.2430995230965433,0.2915411907309121,0.13939720164749447
165,0.3468402011943877,0.187163750260935,0.3550319458184893,0.19863371472444044,0.3805336966893284,0.2255720787045673,0.2988133034751453,0.14001370036562014
166,0.3494247174820377,0.190291483706876,0.3578751002883485,0.202443312056646,0.3851393360595575,0.23235847470557666,0.2975452262795211,0.1396800793002649
167,0.3487540848791199,0.18513172045790108,0.3557456226786244,0.19595400808961605,0.3838370230283247,0.2257347807529522,0.3049470636711291,0.14239603276647445
168,0.351998009258202,0.196195898784087,0.3628394162297516,0.21351552805751228,0.3908439565648968,0.24171670399389544,0.2928011036932602,0.14078659660317486
169,0.3484671763328365,0.19192952923220008,0.3575985938323957,0.20612799946360408,0.3853856238257432,0.2348766825951185,0.2918025804203362,0.13774041924340613
170,0.3492929354268699,0.1924631327695361,0.3593511118302143,0.20813059057165312,0.3879528902510402,0.23725166198764605,0.2922976899224373,0.1387461945647228
171,0.354220305976185,0.201798511954562,0.3638645002164563,0.21774782299782072,0.393375890810751,0.2481843312602715,0.289901016672719,0.1411336570377451
172,0.3468258521730201,0.18564770363374566,0.35473841975039283,0.1971179686227368,0.3807295473155293,0.22489698152174087,0.29956724990240946,0.13951973641212087
173,0.34666161116524297,0.18656886573769235,0.3552880020109599,0.1991750832286724,0.38098686887913896,0.2264793397732229,0.29753247944113925,0.13895961240474008
174,0.3491944791606609,0.1930306177836003,0.3594359217660806,0.20891169606652568,0.3875472535014953,0.2377876920894755,0.2904174993008842,0.13751128953388606
175,0.34674938421201384,0.1845736940734472,0.35205940239861505,0.19292981537396475,0.3791807647780817,0.221829986440522,0.30040535994664136,0.1398982841483165
176,0.347821016143099,0.1915666028437865,0.35786987879345616,0.2070505684584846,0.3858972831103093,0.2358359971451813,0.2903419444392992,0.13728880841740027
177,0.35105282973416435,0.19583756612524625,0.36072741649401535,0.21101418088586527,0.387876191606991,0.23798480494683755,0.2911579933910562,0.13937783449108168
178,0.3463044444386591,0.18875959218368435,0.3542981000117274,0.20114568345072006,0.3810984030484621,0.22893227819641696,0.2923010838311791,0.1377740673198796
179,0.34563699116776186,0.18784075451757284,0.3544532092124291,0.20162290144446712,0.3827030500928294,0.2302376140089377,0.29153176347761345,0.13744026538269632
180,0.3456824881123749,0.18422773119047184,0.35217621878169525,0.19276578333713865,0.3783037065376905,0.2210117423241037,0.2996472947832189,0.13927799325168
181,0.3464579411425047,0.18809009803094853,0.3562250101144949,0.20227935470617325,0.3827724774843894,0.23053357708134106,0.29367641656324106,0.13730816800655668
182,0.3543434219957731,0.19970341941880967,0.3647297004543962,0.21630174653908807,0.3926363198703834,0.24450786892706386,0.29126295698515786,0.1393939574355514
183,0.3483723860429704,0.19156377931122545,0.35651263754906537,0.20386706667831814,0.3833231889753534,0.2313923824500184,0.2914821114948132,0.13723010198048566
184,0.34624846793581177,0.18614962905772048,0.3545437221740449,0.1976400801874114,0.3792666640479026,0.22396152058997146,0.2967433503767521,0.13782984680590746
185,0.34510565498611273,0.1844688965847895,0.3513627701840412,0.19379897268933205,0.3781349892728281,0.2215150774482646,0.2964910660022057,0.13810872668281232
186,0.3564867762161848,0.20508723352346112,0.3648185481481104,0.2192792536839009,0.3937213332023664,0.24906755722795826,0.2902803725780257,0.1425243050515385
187,0.34701376608847506,0.19059023982463133,0.3543518393471737,0.2021386051540673,0.3808879179797183,0.2303116543331669,0.2898675764359084,0.13670062462415472
188,0.3462814469390801,0.18836195438980247,0.35645265706700235,0.20323111115899395,0.3840611270594117,0.2321746941778217,0.291577374608458,0.1363880533162646
189,0.34679099114869266,0.18352368274771128,0.3537988428802832,0.193306619147593,0.3803928327171061,0.2229157493709185,0.3035845133564883,0.14045751961658998
190,0.3445315387766367,0.1827653951362876,0.35091294334292145,0.19184796703901866,0.3771090404507298,0.21970450831579685,0.29828322342631536,0.13818891466157282
191,0.3445357748923419,0.18584683346034964,0.35446824841424657,0.19997557838064445,0.3800636476435649,0.22690830530442915,0.2913117889899269,0.13542867243636642
192,0.3452942432143811,0.1872026365660048,0.3538043926642245,0.1998141803864132,0.3809054367099566,0.2277666620784157,0.2917113681722274,0.1362104511595679
193,0.34559012474789713,0.18422547968755365,0.35350680997601025,0.19569990648519275,0.3800500058626435,0.22413301012153328,0.2964339921266441,0.13720983228907488
194,0.345207709449783,0.1866946921465248,0.3538134983956681,0.1993103188385633,0.3800299273902672,0.22654143458911505,0.29136147677311697,0.1355300013904337
195,0.3469860692208245,0.1906437089705227,0.3559164612021222,0.203868701894278,0.3822012957763885,0.23091310511899474,0.28976332398442345,0.13586219186297466
196,0.34415377255014123,0.18370676671138547,0.35415908148784764,0.19787449992743114,0.3801645807083821,0.225110563753702,0.29431322348224503,0.13604893060618595
197,0.3446951704929339,0.18784002160019256,0.3556886544963657,0.2040773972776912,0.3819992789560783,0.23071422868953725,0.2886868156597385,0.1350196704677154
198,0.3474689859754554,0.1915691813409862,0.3601162170478428,0.2107091837436028,0.3875303637053342,0.2378941027555423,0.28863043209157,0.13636626912936806
199,0.3495120424872277,0.194745602328972,0.3616773455607011,0.2131349675884716,0.3880517263897847,0.23974828171063325,0.2881775653151591,0.13708460399628486
200,0.34952194267871395,0.1940606688761738,0.3590377596955438,0.20897965843832197,0.3870505557897641,0.23803328929624834,0.2892016961163856,0.13716447195804093
201,0.3447010818309165,0.18773366470838287,0.3571588310694001,0.20537879636570366,0.3813963027709816,0.2294560415688777,0.28928033112626217,0.13492311555280515
202,0.34407428992061273,0.1852050819590988,0.3535514346203815,0.1988797482820165,0.379831186751658,0.22717515953435194,0.2905360392550761,0.13470551010532933
203,0.34456668392897183,0.18673889325702486,0.3532523434690181,0.19914711211245065,0.38034758491217424,0.2278585626900329,0.29008880083859634,0.13539826553846632
204,0.34416474288315313,0.1874563125883973,0.3552687071121779,0.2037197795287608,0.3822426944515049,0.2312217814039597,0.2876051407513736,0.13438059489065635
205,0.34448873711005684,0.1870251695327044,0.35314125159069465,0.1996124707980444,0.3806646186164028,0.22869527032778034,0.2890788754104768,0.13465150855091595
206,0.3439379576972667,0.185374471783838,0.35243866316264105,0.19771140138201526,0.3793248951165735,0.22657698215720906,0.2898291681263537,0.13440800982767034
207,0.3442003316268558,0.18674726933554248,0.3550536929190292,0.2026966772330154,0.3818950794105829,0.2303555406489361,0.28795380363848383,0.13415195888427547
208,0.3438337576824013,0.18573698134230288,0.3559240062732825,0.2033429648588168,0.3824000398536657,0.23062200970431035,0.2888689213404453,0.13426407900285933
209,0.3424974634634035,0.18253193662417289,0.3531397582327226,0.19723407159449,0.3771675161253953,0.2220616247693964,0.2920201523949369,0.13440716363692978
210,0.3486372560385356,0.1948430798443105,0.3614706665365488,0.2143199132475544,0.3880641630143927,0.2412444283252861,0.2857167913367017,0.13599025300078474
211,0.3436774953697085,0.18299020704373686,0.35502664465338857,0.1983226313687011,0.3804845701453403,0.22560446736969936,0.2941959351271858,0.13514562472787747
212,0.34246551931251085,0.18240380816051624,0.34941817796203645,0.19238229848607807,0.3752054116544574,0.2195794486652818,0.2918647986645133,0.13445819207352547
213,0.34313801983698905,0.18314521645272872,0.35277108481853064,0.19695979680150946,0.3763973227632659,0.2215552369485499,0.291928082746414,0.13444720658346576
214,0.3493104783728619,0.19613059734711444,0.3608488079600153,0.21336212930583315,0.3874908231456808,0.2408637206591749,0.2851084845988809,0.13532977154184242
215,0.3426076966966825,0.1846941921239598,0.3532737408452386,0.1999871597039353,0.3788436432732832,0.2268317381818289,0.2880102136481795,0.1332310826178365
216,0.3449724349378206,0.18900322066684164,0.3559913801314847,0.20550170505606888,0.3831579177315603,0.2338614967792093,0.28615110330587,0.13437577222177646
217,0.3451437255698829,0.1870026026155458,0.35276330474132395,0.1986258367804073,0.3816703740686378,0.228682409888946,0.2903146313852912,0.1355574792331497
218,0.34346225818344944,0.18588443147436085,0.3533099311075488,0.2002700808928317,0.3801484272400005,0.2277036233228325,0.28751208662533384,0.13362271208904467
219,0.34642992655009497,0.1915626222060564,0.35707704092512194,0.20691444199463926,0.3827444965049991,0.2337853184431725,0.28574322075278435,0.13377110633794093
220,0.3417072490496389,0.18176332266345388,0.3509514841820036,0.19465580828397866,0.376763413031896,0.22170619740262126,0.2902658670084589,0.1332126666684812
221,0.3415015624193537,0.18093549595563205,0.3513219324032999,0.19423638097551849,0.3772017069924331,0.2212144593867146,0.2924161041132289,0.13389193216412926
222,0.344664534278364,0.18840117494511924,0.355728193632975,0.2047635896360581,0.3837283102271274,0.2335440775518716,0.2866276919924439,0.13406097706732334
223,0.3414633576147242,0.18092277191409328,0.3507562700278007,0.19401527934906468,0.3772244805206922,0.22180549229898167,0.2909656914171223,0.13323670327863438
224,0.3435099661227574,0.1833548761325528,0.3532654034286004,0.19645613174897167,0.3784209088521783,0.2240373728320636,0.2923437128376374,0.13402899284344125
225,0.34250762536408386,0.18266988169526893,0.3542976659565697,0.1987084258786784,0.3793711187487481,0.2254707148728488,0.2926262943715324,0.1341684193577809
226,0.3473481866571994,0.1891451152895788,0.3584832779337096,0.2053540406840493,0.38475583285826703,0.23420817520367754,0.2925974721124508,0.13616580276881288
227,0.3413658564570766,0.1814588754605793,0.35140329073259496,0.19578233059460684,0.3751026407333562,0.2202859138842397,0.2907895475327302,0.1335877577525124
228,0.34230791307215724,0.18006561790323364,0.3504904207404561,0.19146023206529467,0.3765960466979068,0.21905076843526805,0.2953740267070881,0.13492181404098302
229,0.3462181443104008,0.18398569343027385,0.35622328497206074,0.1973755210683383,0.3783620120940326,0.22231552085620448,0.30027818538625234,0.13873590102011726
230,0.3416407308533154,0.18162564090347666,0.34820525802915264,0.19059226661880546,0.3731454781016514,0.2175718998055597,0.2914764872429355,0.1339326983163554
231,0.3454034210736853,0.1827613041356906,0.3502331489108553,0.190782173876261,0.3755212138515191,0.21801148283188249,0.2962205173078533,0.13545633980611824
232,0.3442533762180299,0.18848864041165486,0.35552565282889925,0.20432465866214744,0.3804377169273044,0.2313309586120132,0.28552412390895604,0.13261047664784745
233,0.3422513374612902,0.1842312040282976,0.35263102059396323,0.19931124440082235,0.3788546397195301,0.22674995415882776,0.2869094350292645,0.13228036654702235
234,0.3433305482797708,0.1868264925719908,0.35383145997134896,0.2021402299660164,0.3819606273403637,0.2308250726705429,0.285595663784601,0.13312495507376573
235,0.3422598272874051,0.18510587421946345,0.35094827407158463,0.19819555803326688,0.3773723272082523,0.2258265245048792,0.2847377810614221,0.1318083665490284
236,0.34151619294159097,0.18168840358728,0.3499039177510562,0.1931995782889509,0.3738077903188582,0.21837163222436126,0.2895747508575985,0.13246974482765667
237,0.3429543134534119,0.18579567779617287,0.35415018400303205,0.2024746442897208,0.3808255713583372,0.230544257568833,0.28568419707728177,0.13217672443216547
238,0.3436722946212329,0.18800728840502584,0.3547112977851424,0.2040402400098925,0.3813188223961482,0.23253685814528924,0.2839216996063322,0.1320649091555368
239,0.34118404527345225,0.1804767120853233,0.34838361141558993,0.1907789925606192,0.3749503737488049,0.21945103850033992,0.2907336499429656,0.1327742882197602
240,0.3428645709806374,0.18586710363113107,0.3562491872038617,0.20494268524033374,0.3820390829559941,0.2314715565317696,0.28531448047859825,0.1323244242899503
241,0.341414609460756,0.18322563026995467,0.3536797381994175,0.2010952414975604,0.3775907389450927,0.2255689790675571,0.2859697168220076,0.13178030688017273
242,0.34730174345218096,0.19464415814045824,0.3581248286298457,0.2104866461887189,0.38410038093859183,0.2373002046290661,0.28323275233595163,0.13441338046131784
243,0.35365526446720097,0.20366469597583114,0.3675368917292397,0.22469092561041207,0.394794721390577,0.252894527763595,0.28461887235636146,0.13866999713313127
244,0.3434006131535409,0.18940917382911016,0.3554181710430973,0.20677005383258965,0.3811581718521629,0.2336940369862038,0.2827121195539799,0.13327247503599865
245,0.3404121500008325,0.17979529963670424,0.3489378370310636,0.1920964875845301,0.3739541129836567,0.21875670945777725,0.2885024633383591,0.1312254016107361
246,0.34196991630128565,0.17861982645537766,0.3502169227056055,0.18892507376073456,0.373526689804107,0.21535175713063354,0.2994046439713813,0.13658373917762598
247,0.34335057979168776,0.1860634026711419,0.35577023506697925,0.2039560542672006,0.3813989837052305,0.2314581427110121,0.28606498723142104,0.13203646763792504
248,0.3409508540563669,0.18416522605953867,0.351136935928524,0.19819847105653493,0.3757499670176965,0.2247747468873692,0.28390967339877315,0.13071537611595202
249,0.34022162217075125,0.18098752711183272,0.3489239263747896,0.1926475057895285,0.37533303098843934,0.22100229474322108,0.28752501535815683,0.13144279375852355
250,0.340700180772967,0.1827687501325304,0.34815091780741475,0.19362436492277726,0.3739938104424701,0.22168946395837755,0.2851493675956789,0.13088651100607793
251,0.34419905331844186,0.18332066534249566,0.3461784646857772,0.18813467912279253,0.3720651571579961,0.21620982772445246,0.2913976072769037,0.13361743058920975
252,0.3496296443555179,0.19514192212108,0.3581521685182115,0.2084144055000621,0.3875426048917792,0.23923475841921185,0.2853032970193782,0.13462369733442128
253,0.3454271093382931,0.18705376450740785,0.3583073365176284,0.2057170746150433,0.3814536623837431,0.2311852384312308,0.29086609426360804,0.1350616635020814
254,0.3406658507398844,0.1825509552204236,0.3473320130096453,0.1925485497182381,0.3724594602808856,0.22026124264889915,0.2853637697595345,0.1310176642165088
255,0.3442487355966696,0.19047665615803167,0.3552700500882979,0.2069351240255156,0.3820100351350686,0.2345212517059356,0.2820162411309462,0.133020572074241
256,0.34089338433849203,0.1835593087015136,0.3514095001562063,0.198094802052116,0.3761954631490729,0.22452474635052733,0.2838502290006185,0.13030356946447552
257,0.3441988678829249,0.18986251262343706,0.35706241740903066,0.20805950624350733,0.3806115133196982,0.23203702665708745,0.28272122463630617,0.13256232602450935
258,0.3397284673500381,0.18050832295537794,0.3476431189735464,0.1919420493678492,0.3727951807986437,0.2191591614972825,0.285854894455914,0.13016699152991545
259,0.341726229977021,0.18493964649906894,0.3539315002513945,0.2018722856018101,0.3795752010606813,0.22909405704579364,0.2836340337485008,0.13063990086923774
260,0.3393178788204855,0.1820536870189028,0.349857262002275,0.19656326971544785,0.376389698390726,0.224596061009422,0.2829958414303376,0.12993158686754422
261,0.34237085299737235,0.1837664879567137,0.35192484074577657,0.19779544932516896,0.3760289598418029,0.2244510363631067,0.2858348460976176,0.13080838729831196
262,0.34073438021320623,0.18209886093300995,0.34907985667734337,0.1938790897944363,0.3751089841914124,0.22106152903286927,0.2874875585248806,0.13231097290219876
263,0.3452323214370399,0.1927708453578037,0.3562347841262817,0.20923148665065466,0.3833377946404536,0.23756211442702035,0.28016126058219,0.1326619513196833
264,0.3411760116618218,0.1860841928015753,0.3542478441061323,0.20448691369383126,0.37861538714690496,0.2298173610956077,0.2805631945605246,0.13003404577913166
265,0.340387292633654,0.18143866087286264,0.3519335311200528,0.1966690721746525,0.3767061459143423,0.22328213410836206,0.2864992073206293,0.13002852066237922
266,0.34601013406544456,0.19382135215154964,0.358838164499142,0.21248760123807567,0.3849865782399573,0.2408387760310632,0.28008230217884583,0.13236480882423834
267,0.342371801679033,0.18600068512912304,0.35378831440117003,0.201205994904708,0.3764939759977712,0.2257867310801875,0.283309142614371,0.1304139392245936
268,0.3388861590879876,0.18243138100476872,0.3487714285839857,0.19657859625058952,0.37435299172444103,0.22366602187455367,0.2813701768542829,0.1293003051697008
269,0.3413093862808257,0.18652796812512196,0.35358799440802074,0.20365782583906614,0.37839218601124397,0.2301392062238399,0.28040076639614914,0.12990046872435268
270,0.3452925654567061,0.1822485832750664,0.3501517899553781,0.19088453748295506,0.3736920665798572,0.2166974184902456,0.29526489024407643,0.13437183685737436
271,0.34059882552698423,0.18339277310539406,0.35294531570558313,0.20046420909841056,0.3760511350381028,0.2256750236517631,0.28380611102853043,0.1300839468306743
272,0.3385245974389232,0.1796880657149508,0.34930086951821177,0.19455495991962868,0.3739117429245772,0.2206451709235808,0.28473889309474554,0.12952756267679352
273,0.3472806817261165,0.19503430927513168,0.3565572422974861,0.20911935078484367,0.3847008106420504,0.2380435868992368,0.28239458529287803,0.13467657258626595
274,0.3387032832349974,0.17759772750955302,0.3476826897360868,0.18980687297590626,0.3720189829678077,0.21623379156893527,0.2890668899012892,0.13028105094742187
275,0.3457038669559513,0.1885646187967102,0.3591140770624148,0.20808248496909004,0.3815336433689066,0.2327336836501256,0.2864913695951969,0.1330466917661879
276,0.3385641431531117,0.17817042578746808,0.3473261700241891,0.19006114107863747,0.3711117160080264,0.21613312322341355,0.2864641091911585,0.12922599616906788
277,0.3413369400495917,0.17914820002082746,0.3483567185513925,0.18920468660222334,0.3703917657886309,0.2141654122137117,0.2914949216005253,0.13176705613125625
278,0.34180509149948224,0.1866777822557312,0.35289752707278704,0.20246542896467035,0.3786112572288087,0.2300900983207711,0.2797541969977236,0.1293450449176416
279,0.34032037570892565,0.1823826205167061,0.3529554606390746,0.19991380580319654,0.3772738239045111,0.2257598763173592,0.2849207186008193,0.1299378599145135
280,0.3401513947845839,0.18402233021898026,0.34932814902000514,0.19673504686835627,0.3752582262202397,0.22464042642452567,0.28076854473365764,0.12888558698447225
281,0.33903432532044864,0.1821468716750476,0.3499454903069225,0.1979784492310261,0.3755109629145672,0.2253829903245239,0.2805680860899705,0.12854058460741236
282,0.3381711352644884,0.17953268194471966,0.3466822356420342,0.19163134156564204,0.3709454812859529,0.21780225539100784,0.2831662447903247,0.12821302787256186
283,0.3386813161581155,0.18155396030439894,0.34650992762695754,0.1915676047812639,0.37003710325665656,0.2167228903207737,0.283231186105901,0.1297145918912402
284,0.34354046672115923,0.1909979881573577,0.3570189310357608,0.2104074754410942,0.3825912074978721,0.2369210235629839,0.27859681956266663,0.13056768771892693
285,0.3390964034833097,0.18026898543213304,0.3531491730506521,0.19959636660923627,0.3768413495825441,0.2246028306798913,0.2843852525746796,0.1289566973655149
286,0.3368190640984499,0.17838592211618787,0.3470918082881561,0.19236550686770104,0.37032641376638303,0.21709607409204146,0.2822675235738157,0.12781066734392105
287,0.343596389854781,0.19184248367698667,0.3551213564264694,0.2084213866008741,0.38050914625460136,0.2349858022546875,0.27837379157489844,0.13134815638710726
288,0.34057129670256203,0.185248190048357,0.35207166291456626,0.20183509294405347,0.3788818283811777,0.2304807221100101,0.27920984786015496,0.12933753912727572
289,0.3408260366396616,0.1864722686782646,0.3527284459075672,0.20343420502856807,0.3787428699041106,0.2307026656463376,0.2787835599901425,0.12888097464331574
290,0.34321708672985396,0.1902226441829263,0.35621233809020963,0.20926944036665115,0.3825456046114032,0.2357539303473445,0.2802434401877508,0.1323470758857743
291,0.338883486922422,0.18054908554505986,0.3476722619880233,0.19350882795353064,0.3737218430436964,0.2212955262431629,0.2825972925501915,0.1284939415965571
292,0.3404663319689049,0.17827238523573416,0.3468431017809533,0.1879725086779669,0.37020852013882377,0.2138151424048464,0.2898636158214053,0.1304839869117577
293,0.3397110679845682,0.18013121039368696,0.3432420039859661,0.18646933197815144,0.3678848818463234,0.2129380487494288,0.28373388265550004,0.12864571175605927
294,0.33867814660232337,0.1824308823255751,0.3519786218551448,0.20010301420352605,0.37557097473133866,0.2254610538290651,0.2806155526998059,0.12801068856245454
295,0.34267119734292595,0.1895030569406164,0.35668709913462865,0.20971364799868608,0.3820692190937281,0.2356041995145597,0.2788088197569452,0.1308583347934071
296,0.3394820770729308,0.1827471220046615,0.35004303395614794,0.19760676250201745,0.3764067197992764,0.2263379776424476,0.2805656343370476,0.1286905806786662
297,0.340678504768634,0.18733119931630374,0.3519236781847824,0.2036905981736962,0.37707295510646216,0.2292822902159936,0.2790091022711739,0.1309769522940419
298,0.3384437797317569,0.1818877014968486,0.3502709305430419,0.19802000578297865,0.37308538146306996,0.22272367386583247,0.2803629337487871,0.1277035279138643
299,0.3387849154600361,0.1835272297093133,0.34814493283116044,0.19679190875913205,0.3745067227105433,0.2252528245934437,0.2782958414101227,0.12777370589404832
300,0.33822077906398434,0.18017667607859744,0.35031453474522706,0.19607701062782765,0.3737148141642278,0.22103521378568355,0.28235688772164197,0.12772845572146527
301,0.3404613434705692,0.1845946022748147,0.35155492196627114,0.2001914278756852,0.3783165297225551,0.2279848109011682,0.2803218731002786,0.12836410051064204
302,0.34233370839589394,0.18913986100919827,0.3528289795391245,0.20386568066737795,0.3790800804489145,0.2314049349284545,0.27802897753491496,0.12936571781460604
303,0.3378510277113925,0.17949875693153214,0.3477385614841043,0.19377500533257555,0.3706404083175147,0.21850566845292213,0.281727048240252,0.12739425952622555
304,0.3388286998407953,0.18064237041014689,0.3469429260516327,0.1930374754883299,0.3712820195575688,0.21888206604129784,0.28181525130906626,0.1275729655142732
305,0.33774470679578633,0.17979974160111725,0.3499793327404082,0.19645711418926315,0.3741180809045531,0.22234744236879966,0.2815855249622524,0.12707874309343245
306,0.3399702899376018,0.18612713059382952,0.34964606113028474,0.19919437692149367,0.37414096652794737,0.2252332276188554,0.27788932345457523,0.12821694348289128
307,0.3388175255820255,0.18106121533015693,0.34978227194203626,0.1957576638148135,0.37110497463096176,0.21917185459094293,0.2822008377014924,0.12778959217134206
308,0.34161932668216544,0.18621611902157734,0.3530363994178089,0.20214801038991684,0.3784068435294516,0.2285284356225524,0.2799993439624773,0.1289953356515241
309,0.3394263919773251,0.18547662797550227,0.34809491556176136,0.19831776383419164,0.3735409692741881,0.2253227429619305,0.27696118078082466,0.1283300840602625
310,0.33853410608256423,0.18092588038065824,0.3453747784990059,0.19095452038927105,0.3691970786557635,0.2168406500421648,0.28132941725963445,0.12751495013961056
311,0.3384378006578292,0.18329661471998399,0.3468744364670192,0.1951276137359457,0.37078792121799736,0.22073223680191129,0.27801373970668586,0.1270543047747756
312,0.3377368943539242,0.18194469871923694,0.3468307777027156,0.1944498619617232,0.3708606814532739,0.220314881075682,0.27814452197434386,0.12640833323167208
313,0.3364873181226803,0.17696283288770073,0.3444885987478081,0.18681022431279729,0.3668607333202489,0.2114202117151862,0.2843082811285719,0.12752381608450172
314,0.3392880719886797,0.18439905781327207,0.3518093577007319,0.20149802948751167,0.376453257012954,0.2276055515079157,0.2778242677914216,0.1272113142242901
315,0.3397057346006901,0.18583674202776065,0.34808339117997444,0.1975099083182529,0.3728877225055524,0.2232046687661668,0.2780458530590305,0.12843572945756135
316,0.3373930862499297,0.18045971321219567,0.3471776184363653,0.194188032263344,0.37363783114441823,0.22196575793003875,0.27940219080581497,0.12683876623023274
317,0.33782399079250275,0.17908219918615334,0.349188355918432,0.19417080391333408,0.3733570732798353,0.22032257171498584,0.28284213651933393,0.12740565343704532
318,0.33756306437464634,0.18075646500606127,0.3476191164705844,0.1942499105791651,0.37282231644229336,0.2207041767966294,0.27967601174476164,0.12682624701532208
319,0.34240189882546196,0.18973786330063072,0.3550444258107435,0.20793387008673392,0.3825516525525641,0.2359037760848167,0.2795850401668741,0.13187695088435872
320,0.3369347276588948,0.17968913252908378,0.3472977278408588,0.19372902576021966,0.3711347743398125,0.21894095714033585,0.2790939142696009,0.12622617156093552
321,0.3380985912644623,0.18277217070841684,0.3508930695808974,0.2003465980806073,0.3745449638750729,0.22456202211582688,0.2788540858230335,0.1276848611834332
322,0.3421441713883573,0.1884992455465415,0.352818605042144,0.20375615368593453,0.3803948881391444,0.2324452259543225,0.2778931576706952,0.12903336583547945
323,0.3367745262835116,0.1798720440925901,0.3458677390384461,0.1920561899184114,0.3713203799383219,0.21950942729143488,0.27956039852237274,0.12641082523786515
324,0.33921911661576903,0.1813245428452556,0.34973701295596643,0.19660798495194529,0.3727862719785447,0.22187554452296604,0.28065334359431426,0.12703666332310745
325,0.3366039706593925,0.1785979530945987,0.3463586666023971,0.19119146358353445,0.3700960245601817,0.21696888043949802,0.2811001071681912,0.12616692415573186
326,0.3383217118255777,0.18038428944482632,0.3486171354287423,0.19397824996963176,0.3703543373210318,0.21819945541430907,0.28298010555796443,0.12766462006184878
327,0.34187499928287746,0.1882092792098421,0.3526902548290739,0.20265421949777027,0.377725635261877,0.2298069676632849,0.2771408029218648,0.1274962122523678
328,0.3367920685502507,0.17860779732865775,0.3464706886044018,0.19148649841293647,0.3679208896373476,0.214985002746518,0.2822424234343855,0.1269724400433518
329,0.33832274414922303,0.17803505467835154,0.34496446364784666,0.188371719045127,0.3686821469055193,0.2144584981312421,0.2829569634855193,0.12671558566994848
330,0.3371728574808279,0.17867701014949705,0.3468117357964484,0.1918122349260104,0.3690229466345486,0.21558262724791066,0.2806489198477209,0.12582099748771194
331,0.3414037787183553,0.18936271261268814,0.3532904223659695,0.20630329113678644,0.3793354393838503,0.2331662484938133,0.2762214560444723,0.1291581180297355
332,0.3383973759514107,0.18351556555196746,0.3486247093714857,0.19748807826244846,0.3725792545338872,0.22277192719990774,0.276868336609546,0.12658821560225764
333,0.3380781860900939,0.17710020777723134,0.3481020517647933,0.19110427040541733,0.3703785014056519,0.21520223663210605,0.28679844220159306,0.12840427575168728
334,0.3409554769088758,0.18878677540770847,0.3522390965508668,0.20424307230334954,0.3772450548871785,0.23080798336163466,0.27531093655523303,0.1275640780890748
335,0.3376848164183448,0.18261607263872287,0.3487498129934273,0.1979846167015016,0.3720512203748861,0.22313656731846607,0.276267289707858,0.12588410645359982
336,0.3387912887684184,0.18263170867958325,0.3496878404243947,0.1983920130052289,0.3733908970980036,0.22391910641945448,0.2774172862274801,0.125902809920527
337,0.33751795715773664,0.1788494130088979,0.3438577690071174,0.18773185648427448,0.3675079363128483,0.21372343139440425,0.28229778397456645,0.12697108372072513
338,0.3369223069803293,0.18114206401780414,0.3465055456108161,0.1940639854474889,0.3711890000123572,0.2201929872825375,0.27717724142885314,0.12601554305948134
339,0.3363447756079219,0.17822313561175493,0.3483665133653337,0.19361044503591726,0.37105469654603823,0.2184055613548697,0.28079564916260824,0.12611302342890893
340,0.3382856549403278,0.1832708377912808,0.3486781893704561,0.19705794915203548,0.3728063595721653,0.2225456154754498,0.2771221757161804,0.12625162615358695
341,0.3368196325051438,0.17735024948661493,0.3463857583903626,0.1905797077814738,0.36939895345327306,0.2156405058915183,0.2815166747482031,0.12580095455930534
342,0.3373732909233512,0.17628522954784515,0.3441911130996892,0.1860246693373261,0.3661622557762752,0.21015971028671435,0.2845927397580755,0.12695897839900094
343,0.3378248895390722,0.1819110106083104,0.3481495110545916,0.19625850748109072,0.3727337582927423,0.221620646250328,0.27717029982898594,0.1262527556519047
344,0.3359474979209687,0.17857101830473415,0.34606497449789536,0.19170171197682154,0.36804636081433134,0.215346835210286,0.2799225511444228,0.1256281083282875
345,0.34307672750896523,0.1907258769453105,0.35315490783994363,0.20512709918918226,0.3807005331206909,0.2342341871133587,0.2772751292283636,0.13002967094551662
346,0.3399235884761917,0.1857705551377879,0.34927198330668,0.19876404465444936,0.3753615924661325,0.22671705861752997,0.2766010190541845,0.12721839905258525
347,0.3382781532282797,0.1813245085972534,0.35034335153374896,0.1973510456239884,0.3733449364087192,0.2210294708557577,0.27937482252777024,0.12589688052773745
348,0.33677946310315354,0.18144257691029197,0.3499803213262451,0.19930573250089986,0.3746555971251238,0.2250957352299018,0.2765457856055074,0.12561183413176466
349,0.34429205083207,0.1926701798358353,0.35607026870885417,0.20953988606124382,0.3834932391158153,0.23853336236327552,0.2768219627096616,0.1298408543838884
